cell,scoring,shift,crps
electricity_15min_load--chronos,normalized,0,0.11896748466574748
electricity_15min_load--chronos,normalized,1,0.11902732259107801
electricity_15min_load--chronos,normalized,2,0.11912159128843842
electricity_15min_load--chronos,normalized,3,0.11917159337248696
electricity_15min_load--chronos,normalized,4,0.11918245553115703
electricity_15min_load--chronos,normalized,5,0.11919869070549197
electricity_15min_load--chronos,normalized,6,0.11921669304571487
electricity_15min_load--chronos,normalized,7,0.11922013386011493
electricity_15min_load--chronos,normalized,8,0.11923491770835402
electricity_15min_load--chronos,normalized,9,0.11929767033918166
electricity_15min_load--chronos,normalized,10,0.11929800752405739
electricity_15min_load--chronos,normalized,11,0.11930286886991504
electricity_15min_load--chronos,normalized,12,0.1192995644728623
electricity_15min_load--chronos,normalized,13,0.11930355325872705
electricity_15min_load--chronos,normalized,14,0.11930324871189471
electricity_15min_load--chronos,normalized,15,0.11930537455035986
electricity_15min_load--chronos,normalized,16,0.11930413700543041
electricity_15min_load--chronos,normalized,17,0.11930442415675156
electricity_15min_load--chronos,normalized,18,0.1193050361700157
electricity_15min_load--chronos,normalized,19,0.11930483977461669
electricity_15min_load--chronos,normalized,20,0.11930104830549065
electricity_15min_load--chronos,normalized,21,0.1193021705289429
electricity_15min_load--chronos,normalized,22,0.11930091495718129
electricity_15min_load--chronos,normalized,23,0.11929912233070501
electricity_15min_load--chronos,normalized,24,0.11929547358937291
electricity_15min_load--chronos,normalized,25,0.11930077490375765
electricity_15min_load--chronos,normalized,26,0.11930401022838984
electricity_15min_load--chronos,normalized,27,0.11930094615206344
electricity_15min_load--chronos,normalized,28,0.11930164142353746
electricity_15min_load--chronos,normalized,29,0.11930623812678949
electricity_15min_load--chronos,normalized,30,0.11930730638999307
electricity_15min_load--chronos,normalized,31,0.1193079809286881
electricity_15min_load--chronos,normalized,32,0.11931209244257755
electricity_15min_load--chronos,normalized,33,0.11931457344828096
electricity_15min_load--chronos,normalized,34,0.1193158985147139
electricity_15min_load--chronos,normalized,35,0.11931946631093801
electricity_15min_load--chronos,normalized,36,0.11925511186880616
electricity_15min_load--chronos,normalized,37,0.11925637892961789
electricity_15min_load--chronos,normalized,38,0.11925168368788243
electricity_15min_load--chronos,normalized,39,0.11924920165822626
electricity_15min_load--chronos,normalized,40,0.11923888469753108
electricity_15min_load--chronos,normalized,41,0.11923260221443129
electricity_15min_load--chronos,normalized,42,0.11922329737592427
electricity_15min_load--chronos,normalized,43,0.11921159967629741
electricity_15min_load--chronos,normalized,44,0.11919024389828017
electricity_15min_load--chronos,normalized,45,0.11915783455389554
electricity_15min_load--chronos,normalized,46,0.11908557748958334
electricity_15min_load--chronos,normalized,47,0.11904021342766816
electricity_15min_load--chronos,physical,0,27.29185039081967
electricity_15min_load--chronos,physical,1,27.31480161327641
electricity_15min_load--chronos,physical,2,27.342206306336283
electricity_15min_load--chronos,physical,3,27.358276024518005
electricity_15min_load--chronos,physical,4,27.361092124140317
electricity_15min_load--chronos,physical,5,27.36620258403964
electricity_15min_load--chronos,physical,6,27.370663504456513
electricity_15min_load--chronos,physical,7,27.37130424423459
electricity_15min_load--chronos,physical,8,27.373053127263947
electricity_15min_load--chronos,physical,9,27.396101804978965
electricity_15min_load--chronos,physical,10,27.39856182474923
electricity_15min_load--chronos,physical,11,27.398652591457058
electricity_15min_load--chronos,physical,12,27.39553857198883
electricity_15min_load--chronos,physical,13,27.39434019194852
electricity_15min_load--chronos,physical,14,27.3935067993389
electricity_15min_load--chronos,physical,15,27.39627975099917
electricity_15min_load--chronos,physical,16,27.394595389609943
electricity_15min_load--chronos,physical,17,27.39554033019705
electricity_15min_load--chronos,physical,18,27.396232369033424
electricity_15min_load--chronos,physical,19,27.394353753537914
electricity_15min_load--chronos,physical,20,27.395047643925857
electricity_15min_load--chronos,physical,21,27.393992289334435
electricity_15min_load--chronos,physical,22,27.39473014515355
electricity_15min_load--chronos,physical,23,27.396179706728123
electricity_15min_load--chronos,physical,24,27.396547935632913
electricity_15min_load--chronos,physical,25,27.398008334858645
electricity_15min_load--chronos,physical,26,27.400194385240443
electricity_15min_load--chronos,physical,27,27.398071989267034
electricity_15min_load--chronos,physical,28,27.397338926569564
electricity_15min_load--chronos,physical,29,27.40001832437149
electricity_15min_load--chronos,physical,30,27.39829739704312
electricity_15min_load--chronos,physical,31,27.39740764766437
electricity_15min_load--chronos,physical,32,27.399997533195705
electricity_15min_load--chronos,physical,33,27.400637073299475
electricity_15min_load--chronos,physical,34,27.39966969126504
electricity_15min_load--chronos,physical,35,27.399908403134038
electricity_15min_load--chronos,physical,36,27.37588949280093
electricity_15min_load--chronos,physical,37,27.374434866273848
electricity_15min_load--chronos,physical,38,27.37286176736107
electricity_15min_load--chronos,physical,39,27.373764903167725
electricity_15min_load--chronos,physical,40,27.368873640087845
electricity_15min_load--chronos,physical,41,27.364418888995296
electricity_15min_load--chronos,physical,42,27.36537630516394
electricity_15min_load--chronos,physical,43,27.362056303858616
electricity_15min_load--chronos,physical,44,27.34993328798135
electricity_15min_load--chronos,physical,45,27.332173449676905
electricity_15min_load--chronos,physical,46,27.31209075595657
electricity_15min_load--chronos,physical,47,27.306785413909786
electricity_15min_load--flowstate,normalized,0,0.12320731329514964
electricity_15min_load--flowstate,normalized,1,0.12320669155654189
electricity_15min_load--flowstate,normalized,2,0.12328125698957486
electricity_15min_load--flowstate,normalized,3,0.12331059654439659
electricity_15min_load--flowstate,normalized,4,0.1233274106636473
electricity_15min_load--flowstate,normalized,5,0.12334688963220729
electricity_15min_load--flowstate,normalized,6,0.12335810423501077
electricity_15min_load--flowstate,normalized,7,0.12336097429543849
electricity_15min_load--flowstate,normalized,8,0.12337374129985769
electricity_15min_load--flowstate,normalized,9,0.12337395976827241
electricity_15min_load--flowstate,normalized,10,0.12338028913279542
electricity_15min_load--flowstate,normalized,11,0.12337765727002876
electricity_15min_load--flowstate,normalized,12,0.12337985248481591
electricity_15min_load--flowstate,normalized,13,0.12337913921556665
electricity_15min_load--flowstate,normalized,14,0.1233817807923898
electricity_15min_load--flowstate,normalized,15,0.12338346885116085
electricity_15min_load--flowstate,normalized,16,0.1233806327623028
electricity_15min_load--flowstate,normalized,17,0.12338228425375779
electricity_15min_load--flowstate,normalized,18,0.12338406668624113
electricity_15min_load--flowstate,normalized,19,0.1233880080559115
electricity_15min_load--flowstate,normalized,20,0.12338592338545543
electricity_15min_load--flowstate,normalized,21,0.12338910400783669
electricity_15min_load--flowstate,normalized,22,0.12338980030581732
electricity_15min_load--flowstate,normalized,23,0.1233785799291659
electricity_15min_load--flowstate,normalized,24,0.12336345713947793
electricity_15min_load--flowstate,normalized,25,0.12336373091993695
electricity_15min_load--flowstate,normalized,26,0.12336832839616586
electricity_15min_load--flowstate,normalized,27,0.12336949581310235
electricity_15min_load--flowstate,normalized,28,0.12337814046571438
electricity_15min_load--flowstate,normalized,29,0.12340359361817858
electricity_15min_load--flowstate,normalized,30,0.12338722128597553
electricity_15min_load--flowstate,normalized,31,0.12340210323081288
electricity_15min_load--flowstate,normalized,32,0.12340680289290844
electricity_15min_load--flowstate,normalized,33,0.12341245683100344
electricity_15min_load--flowstate,normalized,34,0.12341359026751837
electricity_15min_load--flowstate,normalized,35,0.1234134492651246
electricity_15min_load--flowstate,normalized,36,0.12340993534278677
electricity_15min_load--flowstate,normalized,37,0.12340949604982843
electricity_15min_load--flowstate,normalized,38,0.12340666977256123
electricity_15min_load--flowstate,normalized,39,0.12340598356724966
electricity_15min_load--flowstate,normalized,40,0.12340612751788609
electricity_15min_load--flowstate,normalized,41,0.12339932658764632
electricity_15min_load--flowstate,normalized,42,0.12339273275644885
electricity_15min_load--flowstate,normalized,43,0.12337257154451493
electricity_15min_load--flowstate,normalized,44,0.12335169846489609
electricity_15min_load--flowstate,normalized,45,0.1233187461087462
electricity_15min_load--flowstate,normalized,46,0.12327427059503948
electricity_15min_load--flowstate,normalized,47,0.12325527678914434
electricity_15min_load--flowstate,physical,0,28.179681823532945
electricity_15min_load--flowstate,physical,1,28.179940548008407
electricity_15min_load--flowstate,physical,2,28.196604074469583
electricity_15min_load--flowstate,physical,3,28.207151647295447
electricity_15min_load--flowstate,physical,4,28.214563581589303
electricity_15min_load--flowstate,physical,5,28.216179870862188
electricity_15min_load--flowstate,physical,6,28.216869325128613
electricity_15min_load--flowstate,physical,7,28.215406635023783
electricity_15min_load--flowstate,physical,8,28.21380513645348
electricity_15min_load--flowstate,physical,9,28.21495494568669
electricity_15min_load--flowstate,physical,10,28.215349116778395
electricity_15min_load--flowstate,physical,11,28.211279935527543
electricity_15min_load--flowstate,physical,12,28.21267662672007
electricity_15min_load--flowstate,physical,13,28.21822339733839
electricity_15min_load--flowstate,physical,14,28.22001311845433
electricity_15min_load--flowstate,physical,15,28.22361974609378
electricity_15min_load--flowstate,physical,16,28.223473919780663
electricity_15min_load--flowstate,physical,17,28.22163785820293
electricity_15min_load--flowstate,physical,18,28.224357096066928
electricity_15min_load--flowstate,physical,19,28.225361047168768
electricity_15min_load--flowstate,physical,20,28.220655660588083
electricity_15min_load--flowstate,physical,21,28.21923647113274
electricity_15min_load--flowstate,physical,22,28.219131959875483
electricity_15min_load--flowstate,physical,23,28.223388688095564
electricity_15min_load--flowstate,physical,24,28.216471765335896
electricity_15min_load--flowstate,physical,25,28.214797063639722
electricity_15min_load--flowstate,physical,26,28.21714066330374
electricity_15min_load--flowstate,physical,27,28.221971171041556
electricity_15min_load--flowstate,physical,28,28.221211171944454
electricity_15min_load--flowstate,physical,29,28.215585628366366
electricity_15min_load--flowstate,physical,30,28.225455193948108
electricity_15min_load--flowstate,physical,31,28.223783277781056
electricity_15min_load--flowstate,physical,32,28.22448999249875
electricity_15min_load--flowstate,physical,33,28.226907749488188
electricity_15min_load--flowstate,physical,34,28.225357570533294
electricity_15min_load--flowstate,physical,35,28.223559066183302
electricity_15min_load--flowstate,physical,36,28.22255447712992
electricity_15min_load--flowstate,physical,37,28.223809997002213
electricity_15min_load--flowstate,physical,38,28.221813571083587
electricity_15min_load--flowstate,physical,39,28.224433291276068
electricity_15min_load--flowstate,physical,40,28.212385059610607
electricity_15min_load--flowstate,physical,41,28.21227644164187
electricity_15min_load--flowstate,physical,42,28.208050933214793
electricity_15min_load--flowstate,physical,43,28.208034436482865
electricity_15min_load--flowstate,physical,44,28.196693029174103
electricity_15min_load--flowstate,physical,45,28.19143891868883
electricity_15min_load--flowstate,physical,46,28.186155828372772
electricity_15min_load--flowstate,physical,47,28.187887619342874
ett1_15min_ot--chronos,normalized,0,0.1538244943793186
ett1_15min_ot--chronos,normalized,1,0.15383766447902045
ett1_15min_ot--chronos,normalized,2,0.153854988020594
ett1_15min_ot--chronos,normalized,3,0.1538836181257028
ett1_15min_ot--chronos,normalized,4,0.15389236967732964
ett1_15min_ot--chronos,normalized,5,0.15388342106555714
ett1_15min_ot--chronos,normalized,6,0.1538832428100117
ett1_15min_ot--chronos,normalized,7,0.15390561518939164
ett1_15min_ot--chronos,normalized,8,0.15390505070690927
ett1_15min_ot--chronos,normalized,9,0.15391382714420462
ett1_15min_ot--chronos,normalized,10,0.15391732372848824
ett1_15min_ot--chronos,normalized,11,0.15393567671394592
ett1_15min_ot--chronos,normalized,12,0.15394167528235503
ett1_15min_ot--chronos,normalized,13,0.1539441096001535
ett1_15min_ot--chronos,normalized,14,0.15395890092644215
ett1_15min_ot--chronos,normalized,15,0.15399470082612238
ett1_15min_ot--chronos,normalized,16,0.15397730871101187
ett1_15min_ot--chronos,normalized,17,0.15396732387047715
ett1_15min_ot--chronos,normalized,18,0.15395632212405
ett1_15min_ot--chronos,normalized,19,0.15395027557728633
ett1_15min_ot--chronos,normalized,20,0.15393461450423337
ett1_15min_ot--chronos,normalized,21,0.1539384772946797
ett1_15min_ot--chronos,normalized,22,0.1539379584868792
ett1_15min_ot--chronos,normalized,23,0.15393683328656804
ett1_15min_ot--chronos,normalized,24,0.15394016176773268
ett1_15min_ot--chronos,normalized,25,0.15393964140372585
ett1_15min_ot--chronos,normalized,26,0.1539373551600162
ett1_15min_ot--chronos,normalized,27,0.15394207008059443
ett1_15min_ot--chronos,normalized,28,0.1539442767198729
ett1_15min_ot--chronos,normalized,29,0.15394109112998275
ett1_15min_ot--chronos,normalized,30,0.15394682837080265
ett1_15min_ot--chronos,normalized,31,0.15394500912889741
ett1_15min_ot--chronos,normalized,32,0.15394759459720647
ett1_15min_ot--chronos,normalized,33,0.15394490711263084
ett1_15min_ot--chronos,normalized,34,0.15392510104543128
ett1_15min_ot--chronos,normalized,35,0.15393216785553404
ett1_15min_ot--chronos,normalized,36,0.1539360388432307
ett1_15min_ot--chronos,normalized,37,0.15393835612176918
ett1_15min_ot--chronos,normalized,38,0.15394294835505232
ett1_15min_ot--chronos,normalized,39,0.1539471916542081
ett1_15min_ot--chronos,normalized,40,0.15394143571165883
ett1_15min_ot--chronos,normalized,41,0.1539378207122256
ett1_15min_ot--chronos,normalized,42,0.15393415831443447
ett1_15min_ot--chronos,normalized,43,0.15393322330728257
ett1_15min_ot--chronos,normalized,44,0.15392445027229734
ett1_15min_ot--chronos,normalized,45,0.1539273897754239
ett1_15min_ot--chronos,normalized,46,0.15392131471984652
ett1_15min_ot--chronos,normalized,47,0.15391180006514005
ett1_15min_ot--chronos,physical,0,0.35227844703591293
ett1_15min_ot--chronos,physical,1,0.35230552498272333
ett1_15min_ot--chronos,physical,2,0.352339149213181
ett1_15min_ot--chronos,physical,3,0.35242431475176855
ett1_15min_ot--chronos,physical,4,0.35243922368170494
ett1_15min_ot--chronos,physical,5,0.3524073690269298
ett1_15min_ot--chronos,physical,6,0.35238069357014334
ett1_15min_ot--chronos,physical,7,0.35244197383299
ett1_15min_ot--chronos,physical,8,0.3524363191117986
ett1_15min_ot--chronos,physical,9,0.3524462055023252
ett1_15min_ot--chronos,physical,10,0.3524520088263495
ett1_15min_ot--chronos,physical,11,0.35248727319717965
ett1_15min_ot--chronos,physical,12,0.35252520414691046
ett1_15min_ot--chronos,physical,13,0.3525257208796545
ett1_15min_ot--chronos,physical,14,0.3525470662840422
ett1_15min_ot--chronos,physical,15,0.3526353924835304
ett1_15min_ot--chronos,physical,16,0.3525939362569103
ett1_15min_ot--chronos,physical,17,0.352563744816595
ett1_15min_ot--chronos,physical,18,0.3525352279084001
ett1_15min_ot--chronos,physical,19,0.352523921209907
ett1_15min_ot--chronos,physical,20,0.3524851014273632
ett1_15min_ot--chronos,physical,21,0.3524913683276891
ett1_15min_ot--chronos,physical,22,0.3524935441196938
ett1_15min_ot--chronos,physical,23,0.352488910555219
ett1_15min_ot--chronos,physical,24,0.35249723346060297
ett1_15min_ot--chronos,physical,25,0.3525060900336665
ett1_15min_ot--chronos,physical,26,0.35248975505693403
ett1_15min_ot--chronos,physical,27,0.3524950062456471
ett1_15min_ot--chronos,physical,28,0.3524958153290273
ett1_15min_ot--chronos,physical,29,0.35249023171729804
ett1_15min_ot--chronos,physical,30,0.3524953006855298
ett1_15min_ot--chronos,physical,31,0.3524926207615092
ett1_15min_ot--chronos,physical,32,0.3524983522088549
ett1_15min_ot--chronos,physical,33,0.35249403465386847
ett1_15min_ot--chronos,physical,34,0.3524616251004898
ett1_15min_ot--chronos,physical,35,0.3524765871035805
ett1_15min_ot--chronos,physical,36,0.3524835672211956
ett1_15min_ot--chronos,physical,37,0.35249019655611324
ett1_15min_ot--chronos,physical,38,0.3524961025109555
ett1_15min_ot--chronos,physical,39,0.3525021154226349
ett1_15min_ot--chronos,physical,40,0.3524915926981174
ett1_15min_ot--chronos,physical,41,0.3524932130334555
ett1_15min_ot--chronos,physical,42,0.35247967913330863
ett1_15min_ot--chronos,physical,43,0.35246754870632946
ett1_15min_ot--chronos,physical,44,0.3524492791356272
ett1_15min_ot--chronos,physical,45,0.35247203249126835
ett1_15min_ot--chronos,physical,46,0.35244938047359453
ett1_15min_ot--chronos,physical,47,0.3524332475725758
ett1_15min_ot--flowstate,normalized,0,0.15440418314683227
ett1_15min_ot--flowstate,normalized,1,0.1544388937262196
ett1_15min_ot--flowstate,normalized,2,0.15446184346340944
ett1_15min_ot--flowstate,normalized,3,0.15452413469339396
ett1_15min_ot--flowstate,normalized,4,0.154537717089606
ett1_15min_ot--flowstate,normalized,5,0.15450847236373685
ett1_15min_ot--flowstate,normalized,6,0.15452066811352005
ett1_15min_ot--flowstate,normalized,7,0.1545811284465611
ett1_15min_ot--flowstate,normalized,8,0.15457879553734488
ett1_15min_ot--flowstate,normalized,9,0.15456186524536386
ett1_15min_ot--flowstate,normalized,10,0.15456133921438409
ett1_15min_ot--flowstate,normalized,11,0.1545742855173413
ett1_15min_ot--flowstate,normalized,12,0.15456786466163494
ett1_15min_ot--flowstate,normalized,13,0.154566866692713
ett1_15min_ot--flowstate,normalized,14,0.1545828427584342
ett1_15min_ot--flowstate,normalized,15,0.15457588913376524
ett1_15min_ot--flowstate,normalized,16,0.15458420099167475
ett1_15min_ot--flowstate,normalized,17,0.15457981094642767
ett1_15min_ot--flowstate,normalized,18,0.1545811696842421
ett1_15min_ot--flowstate,normalized,19,0.1545802777447191
ett1_15min_ot--flowstate,normalized,20,0.1545714072565441
ett1_15min_ot--flowstate,normalized,21,0.15456703575871877
ett1_15min_ot--flowstate,normalized,22,0.15456195566852052
ett1_15min_ot--flowstate,normalized,23,0.15455587285811295
ett1_15min_ot--flowstate,normalized,24,0.15453118764716162
ett1_15min_ot--flowstate,normalized,25,0.15456128469521438
ett1_15min_ot--flowstate,normalized,26,0.15455617994542617
ett1_15min_ot--flowstate,normalized,27,0.15455306254055187
ett1_15min_ot--flowstate,normalized,28,0.1545597508934709
ett1_15min_ot--flowstate,normalized,29,0.15454833890767927
ett1_15min_ot--flowstate,normalized,30,0.1545387701826532
ett1_15min_ot--flowstate,normalized,31,0.15454987093481723
ett1_15min_ot--flowstate,normalized,32,0.15456388520864123
ett1_15min_ot--flowstate,normalized,33,0.15456112840343508
ett1_15min_ot--flowstate,normalized,34,0.1545703215909562
ett1_15min_ot--flowstate,normalized,35,0.15458104158800648
ett1_15min_ot--flowstate,normalized,36,0.1545789954413377
ett1_15min_ot--flowstate,normalized,37,0.15457994492125499
ett1_15min_ot--flowstate,normalized,38,0.15457108918755522
ett1_15min_ot--flowstate,normalized,39,0.154582637700342
ett1_15min_ot--flowstate,normalized,40,0.15458218240516167
ett1_15min_ot--flowstate,normalized,41,0.15458464046789486
ett1_15min_ot--flowstate,normalized,42,0.15458808866697113
ett1_15min_ot--flowstate,normalized,43,0.15458898145545888
ett1_15min_ot--flowstate,normalized,44,0.15458522521150103
ett1_15min_ot--flowstate,normalized,45,0.15457841902266461
ett1_15min_ot--flowstate,normalized,46,0.1545590599437592
ett1_15min_ot--flowstate,normalized,47,0.15451265411611712
ett1_15min_ot--flowstate,physical,0,0.3522988682194857
ett1_15min_ot--flowstate,physical,1,0.352373692191992
ett1_15min_ot--flowstate,physical,2,0.3524249064012174
ett1_15min_ot--flowstate,physical,3,0.3525644644208449
ett1_15min_ot--flowstate,physical,4,0.35259116458582224
ett1_15min_ot--flowstate,physical,5,0.3525145406676905
ett1_15min_ot--flowstate,physical,6,0.3525355216654967
ett1_15min_ot--flowstate,physical,7,0.35267138748462235
ett1_15min_ot--flowstate,physical,8,0.3526685844279539
ett1_15min_ot--flowstate,physical,9,0.35262346420742574
ett1_15min_ot--flowstate,physical,10,0.3526337755285182
ett1_15min_ot--flowstate,physical,11,0.3526579913399027
ett1_15min_ot--flowstate,physical,12,0.35264625484266937
ett1_15min_ot--flowstate,physical,13,0.3526437973791135
ett1_15min_ot--flowstate,physical,14,0.3526772741526125
ett1_15min_ot--flowstate,physical,15,0.35265634585741057
ett1_15min_ot--flowstate,physical,16,0.3526776775261489
ett1_15min_ot--flowstate,physical,17,0.3526641602744891
ett1_15min_ot--flowstate,physical,18,0.35266824144864517
ett1_15min_ot--flowstate,physical,19,0.3526688444330037
ett1_15min_ot--flowstate,physical,20,0.35264812270289675
ett1_15min_ot--flowstate,physical,21,0.3526339776949665
ett1_15min_ot--flowstate,physical,22,0.35262585521968437
ett1_15min_ot--flowstate,physical,23,0.35261244780673656
ett1_15min_ot--flowstate,physical,24,0.35257448428555266
ett1_15min_ot--flowstate,physical,25,0.35262539433558615
ett1_15min_ot--flowstate,physical,26,0.3526158203763932
ett1_15min_ot--flowstate,physical,27,0.3526101924676953
ett1_15min_ot--flowstate,physical,28,0.3526185755503987
ett1_15min_ot--flowstate,physical,29,0.3525971625265512
ett1_15min_ot--flowstate,physical,30,0.3525806310650954
ett1_15min_ot--flowstate,physical,31,0.3526007241595787
ett1_15min_ot--flowstate,physical,32,0.3526309931719912
ett1_15min_ot--flowstate,physical,33,0.35262300969692045
ett1_15min_ot--flowstate,physical,34,0.35264280857908636
ett1_15min_ot--flowstate,physical,35,0.35266353875622586
ett1_15min_ot--flowstate,physical,36,0.3526575592851116
ett1_15min_ot--flowstate,physical,37,0.35266437146940605
ett1_15min_ot--flowstate,physical,38,0.3526444750513707
ett1_15min_ot--flowstate,physical,39,0.35266781557659005
ett1_15min_ot--flowstate,physical,40,0.3526643406871504
ett1_15min_ot--flowstate,physical,41,0.3526719784827419
ett1_15min_ot--flowstate,physical,42,0.35267742628846555
ett1_15min_ot--flowstate,physical,43,0.35267994832611405
ett1_15min_ot--flowstate,physical,44,0.35267205243234573
ett1_15min_ot--flowstate,physical,45,0.3526574554498145
ett1_15min_ot--flowstate,physical,46,0.35261950260749186
ett1_15min_ot--flowstate,physical,47,0.3525325567451817
ett2_15min_ot--chronos,normalized,0,0.09863535418353968
ett2_15min_ot--chronos,normalized,1,0.0987047258943311
ett2_15min_ot--chronos,normalized,2,0.09877215374148715
ett2_15min_ot--chronos,normalized,3,0.09882387022537766
ett2_15min_ot--chronos,normalized,4,0.09886141749318432
ett2_15min_ot--chronos,normalized,5,0.0989024600158998
ett2_15min_ot--chronos,normalized,6,0.09894379899792204
ett2_15min_ot--chronos,normalized,7,0.09899328469342664
ett2_15min_ot--chronos,normalized,8,0.09906871821406378
ett2_15min_ot--chronos,normalized,9,0.09912741540725464
ett2_15min_ot--chronos,normalized,10,0.09918151069373203
ett2_15min_ot--chronos,normalized,11,0.0992206219014863
ett2_15min_ot--chronos,normalized,12,0.0992562120082741
ett2_15min_ot--chronos,normalized,13,0.09928574112152382
ett2_15min_ot--chronos,normalized,14,0.09930999430211072
ett2_15min_ot--chronos,normalized,15,0.09932327840584837
ett2_15min_ot--chronos,normalized,16,0.09932612214758646
ett2_15min_ot--chronos,normalized,17,0.09934985558876812
ett2_15min_ot--chronos,normalized,18,0.0993499698703624
ett2_15min_ot--chronos,normalized,19,0.09933470130792296
ett2_15min_ot--chronos,normalized,20,0.09933783545993423
ett2_15min_ot--chronos,normalized,21,0.09933542070624769
ett2_15min_ot--chronos,normalized,22,0.09933890870384277
ett2_15min_ot--chronos,normalized,23,0.0993397319450863
ett2_15min_ot--chronos,normalized,24,0.09934036658484065
ett2_15min_ot--chronos,normalized,25,0.09934473244919614
ett2_15min_ot--chronos,normalized,26,0.09935783126407777
ett2_15min_ot--chronos,normalized,27,0.09935316855174624
ett2_15min_ot--chronos,normalized,28,0.09934416272905247
ett2_15min_ot--chronos,normalized,29,0.0993401360723881
ett2_15min_ot--chronos,normalized,30,0.09933745231896923
ett2_15min_ot--chronos,normalized,31,0.09933441725132837
ett2_15min_ot--chronos,normalized,32,0.09933345170742987
ett2_15min_ot--chronos,normalized,33,0.09932981097678277
ett2_15min_ot--chronos,normalized,34,0.09931357352169369
ett2_15min_ot--chronos,normalized,35,0.09929052149409556
ett2_15min_ot--chronos,normalized,36,0.09931362229286506
ett2_15min_ot--chronos,normalized,37,0.09931463916949548
ett2_15min_ot--chronos,normalized,38,0.09931217012433204
ett2_15min_ot--chronos,normalized,39,0.09931507703040217
ett2_15min_ot--chronos,normalized,40,0.0993251772467201
ett2_15min_ot--chronos,normalized,41,0.09933143427781148
ett2_15min_ot--chronos,normalized,42,0.09931663913269081
ett2_15min_ot--chronos,normalized,43,0.0992999143082439
ett2_15min_ot--chronos,normalized,44,0.09927422346138023
ett2_15min_ot--chronos,normalized,45,0.09920387197194187
ett2_15min_ot--chronos,normalized,46,0.09915020978956884
ett2_15min_ot--chronos,normalized,47,0.09901010637455851
ett2_15min_ot--chronos,physical,0,0.5894037451145915
ett2_15min_ot--chronos,physical,1,0.5899142653512413
ett2_15min_ot--chronos,physical,2,0.5904230223361316
ett2_15min_ot--chronos,physical,3,0.5908132487839528
ett2_15min_ot--chronos,physical,4,0.5911119331161352
ett2_15min_ot--chronos,physical,5,0.5914175857756473
ett2_15min_ot--chronos,physical,6,0.5917430631834809
ett2_15min_ot--chronos,physical,7,0.5920782293051523
ett2_15min_ot--chronos,physical,8,0.5926344222076555
ett2_15min_ot--chronos,physical,9,0.5930430185527165
ett2_15min_ot--chronos,physical,10,0.5934286773699678
ett2_15min_ot--chronos,physical,11,0.5936890092519722
ett2_15min_ot--chronos,physical,12,0.5939322150178661
ett2_15min_ot--chronos,physical,13,0.5941553881473312
ett2_15min_ot--chronos,physical,14,0.5943410604337879
ett2_15min_ot--chronos,physical,15,0.594471150329137
ett2_15min_ot--chronos,physical,16,0.5944870471230871
ett2_15min_ot--chronos,physical,17,0.5946815414644836
ett2_15min_ot--chronos,physical,18,0.5946745418644097
ett2_15min_ot--chronos,physical,19,0.5945631770457718
ett2_15min_ot--chronos,physical,20,0.5945853326526082
ett2_15min_ot--chronos,physical,21,0.5945543054442316
ett2_15min_ot--chronos,physical,22,0.5945773990704953
ett2_15min_ot--chronos,physical,23,0.5945695763141153
ett2_15min_ot--chronos,physical,24,0.594556788081056
ett2_15min_ot--chronos,physical,25,0.594578146042146
ett2_15min_ot--chronos,physical,26,0.594699919496281
ett2_15min_ot--chronos,physical,27,0.5946661694325637
ett2_15min_ot--chronos,physical,28,0.5946043119195568
ett2_15min_ot--chronos,physical,29,0.5945862126206459
ett2_15min_ot--chronos,physical,30,0.5945696047788939
ett2_15min_ot--chronos,physical,31,0.5945431206446501
ett2_15min_ot--chronos,physical,32,0.5945487319089369
ett2_15min_ot--chronos,physical,33,0.5945351113100593
ett2_15min_ot--chronos,physical,34,0.5944168540781727
ett2_15min_ot--chronos,physical,35,0.5942411581814372
ett2_15min_ot--chronos,physical,36,0.5944281708424002
ett2_15min_ot--chronos,physical,37,0.5944368828906413
ett2_15min_ot--chronos,physical,38,0.594423688110225
ett2_15min_ot--chronos,physical,39,0.5944528542125093
ett2_15min_ot--chronos,physical,40,0.5945231440483908
ett2_15min_ot--chronos,physical,41,0.5946464241446167
ett2_15min_ot--chronos,physical,42,0.5945338443208036
ett2_15min_ot--chronos,physical,43,0.5943885085801406
ett2_15min_ot--chronos,physical,44,0.594212632350211
ett2_15min_ot--chronos,physical,45,0.5935745548518306
ett2_15min_ot--chronos,physical,46,0.5931372753731677
ett2_15min_ot--chronos,physical,47,0.5921189099382083
ett2_15min_ot--flowstate,normalized,0,0.09397491189931817
ett2_15min_ot--flowstate,normalized,1,0.09403351355458117
ett2_15min_ot--flowstate,normalized,2,0.09409136625895127
ett2_15min_ot--flowstate,normalized,3,0.09412612039633504
ett2_15min_ot--flowstate,normalized,4,0.09414131895839604
ett2_15min_ot--flowstate,normalized,5,0.09417194713193687
ett2_15min_ot--flowstate,normalized,6,0.09419307769606024
ett2_15min_ot--flowstate,normalized,7,0.09420553586325212
ett2_15min_ot--flowstate,normalized,8,0.09422110801798107
ett2_15min_ot--flowstate,normalized,9,0.09422956632682829
ett2_15min_ot--flowstate,normalized,10,0.09423369829186677
ett2_15min_ot--flowstate,normalized,11,0.09423616431583991
ett2_15min_ot--flowstate,normalized,12,0.09423772874312562
ett2_15min_ot--flowstate,normalized,13,0.0942397674779514
ett2_15min_ot--flowstate,normalized,14,0.09423963202566199
ett2_15min_ot--flowstate,normalized,15,0.09423733145838627
ett2_15min_ot--flowstate,normalized,16,0.0942390386720541
ett2_15min_ot--flowstate,normalized,17,0.09423945245689151
ett2_15min_ot--flowstate,normalized,18,0.09423833652263983
ett2_15min_ot--flowstate,normalized,19,0.09423746876694963
ett2_15min_ot--flowstate,normalized,20,0.09424073352526581
ett2_15min_ot--flowstate,normalized,21,0.094236885609487
ett2_15min_ot--flowstate,normalized,22,0.09423853222531035
ett2_15min_ot--flowstate,normalized,23,0.09423338667578404
ett2_15min_ot--flowstate,normalized,24,0.09420600879643336
ett2_15min_ot--flowstate,normalized,25,0.09424172611517244
ett2_15min_ot--flowstate,normalized,26,0.09424172419031111
ett2_15min_ot--flowstate,normalized,27,0.09424172419031111
ett2_15min_ot--flowstate,normalized,28,0.09424172419031111
ett2_15min_ot--flowstate,normalized,29,0.09424172419031111
ett2_15min_ot--flowstate,normalized,30,0.09424172419031111
ett2_15min_ot--flowstate,normalized,31,0.09424172419031111
ett2_15min_ot--flowstate,normalized,32,0.0942417021398713
ett2_15min_ot--flowstate,normalized,33,0.09423702218169412
ett2_15min_ot--flowstate,normalized,34,0.09423181225409973
ett2_15min_ot--flowstate,normalized,35,0.0942312233780466
ett2_15min_ot--flowstate,normalized,36,0.09423523018691539
ett2_15min_ot--flowstate,normalized,37,0.09423944065505006
ett2_15min_ot--flowstate,normalized,38,0.09424182922741343
ett2_15min_ot--flowstate,normalized,39,0.09424205358523483
ett2_15min_ot--flowstate,normalized,40,0.09424261462209078
ett2_15min_ot--flowstate,normalized,41,0.09424172419031111
ett2_15min_ot--flowstate,normalized,42,0.09424172419031111
ett2_15min_ot--flowstate,normalized,43,0.09424089180445663
ett2_15min_ot--flowstate,normalized,44,0.09423934161718732
ett2_15min_ot--flowstate,normalized,45,0.09423637818709599
ett2_15min_ot--flowstate,normalized,46,0.09423347139194505
ett2_15min_ot--flowstate,normalized,47,0.0941959338770913
ett2_15min_ot--flowstate,physical,0,0.5679651246507579
ett2_15min_ot--flowstate,physical,1,0.568369084390917
ett2_15min_ot--flowstate,physical,2,0.568781351641455
ett2_15min_ot--flowstate,physical,3,0.5690202683377654
ett2_15min_ot--flowstate,physical,4,0.5690877818555248
ett2_15min_ot--flowstate,physical,5,0.5692833021294731
ett2_15min_ot--flowstate,physical,6,0.569436603038329
ett2_15min_ot--flowstate,physical,7,0.5695329298341067
ett2_15min_ot--flowstate,physical,8,0.5696520736345632
ett2_15min_ot--flowstate,physical,9,0.5697128696611692
ett2_15min_ot--flowstate,physical,10,0.569749666353666
ett2_15min_ot--flowstate,physical,11,0.5697770716669557
ett2_15min_ot--flowstate,physical,12,0.5697856975845789
ett2_15min_ot--flowstate,physical,13,0.5698030516491043
ett2_15min_ot--flowstate,physical,14,0.5698013834093407
ett2_15min_ot--flowstate,physical,15,0.5697943972180587
ett2_15min_ot--flowstate,physical,16,0.5698131411898536
ett2_15min_ot--flowstate,physical,17,0.5698143670876801
ett2_15min_ot--flowstate,physical,18,0.5698009189897867
ett2_15min_ot--flowstate,physical,19,0.5697955763547964
ett2_15min_ot--flowstate,physical,20,0.5698272626298195
ett2_15min_ot--flowstate,physical,21,0.569799165006257
ett2_15min_ot--flowstate,physical,22,0.5698125216091161
ett2_15min_ot--flowstate,physical,23,0.5697885701966925
ett2_15min_ot--flowstate,physical,24,0.5696216211074576
ett2_15min_ot--flowstate,physical,25,0.5698344591963934
ett2_15min_ot--flowstate,physical,26,0.5698349555884512
ett2_15min_ot--flowstate,physical,27,0.5698349555884512
ett2_15min_ot--flowstate,physical,28,0.5698349555884512
ett2_15min_ot--flowstate,physical,29,0.5698349555884512
ett2_15min_ot--flowstate,physical,30,0.5698349555884512
ett2_15min_ot--flowstate,physical,31,0.5698349555884512
ett2_15min_ot--flowstate,physical,32,0.5698347456336834
ett2_15min_ot--flowstate,physical,33,0.5697885558243936
ett2_15min_ot--flowstate,physical,34,0.569732201244363
ett2_15min_ot--flowstate,physical,35,0.5697077152955715
ett2_15min_ot--flowstate,physical,36,0.5697371753300142
ett2_15min_ot--flowstate,physical,37,0.569790174719526
ett2_15min_ot--flowstate,physical,38,0.5698318936123988
ett2_15min_ot--flowstate,physical,39,0.5698301213334255
ett2_15min_ot--flowstate,physical,40,0.5698357797392062
ett2_15min_ot--flowstate,physical,41,0.5698349555884512
ett2_15min_ot--flowstate,physical,42,0.5698349555884512
ett2_15min_ot--flowstate,physical,43,0.5698278482630106
ett2_15min_ot--flowstate,physical,44,0.5698155209181354
ett2_15min_ot--flowstate,physical,45,0.5697902854461128
ett2_15min_ot--flowstate,physical,46,0.5697592822270928
ett2_15min_ot--flowstate,physical,47,0.5694903841552421
jena_weather_10min_temperature--chronos,normalized,0,0.0913148990968799
jena_weather_10min_temperature--chronos,normalized,1,0.09131753839299232
jena_weather_10min_temperature--chronos,normalized,2,0.09133164315782942
jena_weather_10min_temperature--chronos,normalized,3,0.09133904286579202
jena_weather_10min_temperature--chronos,normalized,4,0.09133139886153795
jena_weather_10min_temperature--chronos,normalized,5,0.09132339030454226
jena_weather_10min_temperature--chronos,normalized,6,0.09132797948995228
jena_weather_10min_temperature--chronos,normalized,7,0.09133768431623579
jena_weather_10min_temperature--chronos,normalized,8,0.0913752639421077
jena_weather_10min_temperature--chronos,normalized,9,0.09138517436671381
jena_weather_10min_temperature--chronos,normalized,10,0.09139284006663341
jena_weather_10min_temperature--chronos,normalized,11,0.09140225651231872
jena_weather_10min_temperature--chronos,normalized,12,0.09140034291249284
jena_weather_10min_temperature--chronos,normalized,13,0.09140718199267184
jena_weather_10min_temperature--chronos,normalized,14,0.09140938982247897
jena_weather_10min_temperature--chronos,normalized,15,0.09140277810638121
jena_weather_10min_temperature--chronos,normalized,16,0.09139819920858375
jena_weather_10min_temperature--chronos,normalized,17,0.09139266239029463
jena_weather_10min_temperature--chronos,normalized,18,0.0913923926028949
jena_weather_10min_temperature--chronos,normalized,19,0.0913920448733116
jena_weather_10min_temperature--chronos,normalized,20,0.09139031933057983
jena_weather_10min_temperature--chronos,normalized,21,0.0913908791191649
jena_weather_10min_temperature--chronos,normalized,22,0.09139268895848927
jena_weather_10min_temperature--chronos,normalized,23,0.09139284570803184
jena_weather_10min_temperature--chronos,normalized,24,0.09139269865234934
jena_weather_10min_temperature--chronos,normalized,25,0.09139243747314922
jena_weather_10min_temperature--chronos,normalized,26,0.09139353729160965
jena_weather_10min_temperature--chronos,normalized,27,0.09139349374955952
jena_weather_10min_temperature--chronos,normalized,28,0.09139256722353349
jena_weather_10min_temperature--chronos,normalized,29,0.09139256722353349
jena_weather_10min_temperature--chronos,normalized,30,0.09139256722353349
jena_weather_10min_temperature--chronos,normalized,31,0.09139256722353349
jena_weather_10min_temperature--chronos,normalized,32,0.09139256722353349
jena_weather_10min_temperature--chronos,normalized,33,0.09139256722353349
jena_weather_10min_temperature--chronos,normalized,34,0.09139256722353349
jena_weather_10min_temperature--chronos,normalized,35,0.09139256722353349
jena_weather_10min_temperature--chronos,normalized,36,0.09139256722353349
jena_weather_10min_temperature--chronos,normalized,37,0.09139256722353349
jena_weather_10min_temperature--chronos,normalized,38,0.09139256722353349
jena_weather_10min_temperature--chronos,normalized,39,0.09139256722353349
jena_weather_10min_temperature--chronos,normalized,40,0.09139256722353349
jena_weather_10min_temperature--chronos,normalized,41,0.09139256722353349
jena_weather_10min_temperature--chronos,normalized,42,0.09139256722353349
jena_weather_10min_temperature--chronos,normalized,43,0.09139256722353349
jena_weather_10min_temperature--chronos,normalized,44,0.09139256722353349
jena_weather_10min_temperature--chronos,normalized,45,0.09139256722353349
jena_weather_10min_temperature--chronos,normalized,46,0.09139256722353349
jena_weather_10min_temperature--chronos,normalized,47,0.09139256722353349
jena_weather_10min_temperature--chronos,physical,0,0.3261508434082616
jena_weather_10min_temperature--chronos,physical,1,0.3261537013821289
jena_weather_10min_temperature--chronos,physical,2,0.3262208987176529
jena_weather_10min_temperature--chronos,physical,3,0.3262535210679955
jena_weather_10min_temperature--chronos,physical,4,0.3262300011542966
jena_weather_10min_temperature--chronos,physical,5,0.3262060305530811
jena_weather_10min_temperature--chronos,physical,6,0.32622636362246615
jena_weather_10min_temperature--chronos,physical,7,0.32622859690221395
jena_weather_10min_temperature--chronos,physical,8,0.32636112960706115
jena_weather_10min_temperature--chronos,physical,9,0.32640234450474254
jena_weather_10min_temperature--chronos,physical,10,0.3264358596472008
jena_weather_10min_temperature--chronos,physical,11,0.3264651813831195
jena_weather_10min_temperature--chronos,physical,12,0.32645953749012435
jena_weather_10min_temperature--chronos,physical,13,0.32647436286593234
jena_weather_10min_temperature--chronos,physical,14,0.3264839071270513
jena_weather_10min_temperature--chronos,physical,15,0.32645615875376205
jena_weather_10min_temperature--chronos,physical,16,0.3264377063042426
jena_weather_10min_temperature--chronos,physical,17,0.3264095689667114
jena_weather_10min_temperature--chronos,physical,18,0.3263972604868951
jena_weather_10min_temperature--chronos,physical,19,0.32639109642541725
jena_weather_10min_temperature--chronos,physical,20,0.326378331448083
jena_weather_10min_temperature--chronos,physical,21,0.3263791176612888
jena_weather_10min_temperature--chronos,physical,22,0.32638734897293
jena_weather_10min_temperature--chronos,physical,23,0.3263856489608209
jena_weather_10min_temperature--chronos,physical,24,0.326389091600559
jena_weather_10min_temperature--chronos,physical,25,0.32638950091523966
jena_weather_10min_temperature--chronos,physical,26,0.32639260165512324
jena_weather_10min_temperature--chronos,physical,27,0.3263963630498482
jena_weather_10min_temperature--chronos,physical,28,0.32639402337722245
jena_weather_10min_temperature--chronos,physical,29,0.32639402337722245
jena_weather_10min_temperature--chronos,physical,30,0.32639402337722245
jena_weather_10min_temperature--chronos,physical,31,0.32639402337722245
jena_weather_10min_temperature--chronos,physical,32,0.32639402337722245
jena_weather_10min_temperature--chronos,physical,33,0.32639402337722245
jena_weather_10min_temperature--chronos,physical,34,0.32639402337722245
jena_weather_10min_temperature--chronos,physical,35,0.32639402337722245
jena_weather_10min_temperature--chronos,physical,36,0.32639402337722245
jena_weather_10min_temperature--chronos,physical,37,0.32639402337722245
jena_weather_10min_temperature--chronos,physical,38,0.32639402337722245
jena_weather_10min_temperature--chronos,physical,39,0.32639402337722245
jena_weather_10min_temperature--chronos,physical,40,0.32639402337722245
jena_weather_10min_temperature--chronos,physical,41,0.32639402337722245
jena_weather_10min_temperature--chronos,physical,42,0.32639402337722245
jena_weather_10min_temperature--chronos,physical,43,0.32639402337722245
jena_weather_10min_temperature--chronos,physical,44,0.32639402337722245
jena_weather_10min_temperature--chronos,physical,45,0.32639402337722245
jena_weather_10min_temperature--chronos,physical,46,0.32639402337722245
jena_weather_10min_temperature--chronos,physical,47,0.32639402337722245
jena_weather_10min_temperature--flowstate,normalized,0,0.08275045800812386
jena_weather_10min_temperature--flowstate,normalized,1,0.08279103221252312
jena_weather_10min_temperature--flowstate,normalized,2,0.082811764155463
jena_weather_10min_temperature--flowstate,normalized,3,0.08282557449314429
jena_weather_10min_temperature--flowstate,normalized,4,0.08287304686857068
jena_weather_10min_temperature--flowstate,normalized,5,0.08288563009493477
jena_weather_10min_temperature--flowstate,normalized,6,0.08289225683717075
jena_weather_10min_temperature--flowstate,normalized,7,0.08290774145996635
jena_weather_10min_temperature--flowstate,normalized,8,0.08291341616939794
jena_weather_10min_temperature--flowstate,normalized,9,0.0829175761072237
jena_weather_10min_temperature--flowstate,normalized,10,0.08292386219409056
jena_weather_10min_temperature--flowstate,normalized,11,0.08292234621283688
jena_weather_10min_temperature--flowstate,normalized,12,0.08291983652904315
jena_weather_10min_temperature--flowstate,normalized,13,0.08292117209114451
jena_weather_10min_temperature--flowstate,normalized,14,0.08291901262554392
jena_weather_10min_temperature--flowstate,normalized,15,0.08291807476733724
jena_weather_10min_temperature--flowstate,normalized,16,0.0829153311640753
jena_weather_10min_temperature--flowstate,normalized,17,0.08291649457325168
jena_weather_10min_temperature--flowstate,normalized,18,0.08291102937174372
jena_weather_10min_temperature--flowstate,normalized,19,0.08291314084248215
jena_weather_10min_temperature--flowstate,normalized,20,0.08290874856085778
jena_weather_10min_temperature--flowstate,normalized,21,0.08290911273474004
jena_weather_10min_temperature--flowstate,normalized,22,0.08290899677944207
jena_weather_10min_temperature--flowstate,normalized,23,0.0829105839940929
jena_weather_10min_temperature--flowstate,normalized,24,0.08291367321603817
jena_weather_10min_temperature--flowstate,normalized,25,0.08290946350516712
jena_weather_10min_temperature--flowstate,normalized,26,0.08291038440748072
jena_weather_10min_temperature--flowstate,normalized,27,0.08291248894487958
jena_weather_10min_temperature--flowstate,normalized,28,0.08292671207282087
jena_weather_10min_temperature--flowstate,normalized,29,0.08292671207282087
jena_weather_10min_temperature--flowstate,normalized,30,0.08292671207282087
jena_weather_10min_temperature--flowstate,normalized,31,0.08292671207282087
jena_weather_10min_temperature--flowstate,normalized,32,0.08292671207282087
jena_weather_10min_temperature--flowstate,normalized,33,0.08292671207282087
jena_weather_10min_temperature--flowstate,normalized,34,0.08292671207282087
jena_weather_10min_temperature--flowstate,normalized,35,0.08292671207282087
jena_weather_10min_temperature--flowstate,normalized,36,0.08292671207282087
jena_weather_10min_temperature--flowstate,normalized,37,0.08292671207282087
jena_weather_10min_temperature--flowstate,normalized,38,0.08292671207282087
jena_weather_10min_temperature--flowstate,normalized,39,0.08292671207282087
jena_weather_10min_temperature--flowstate,normalized,40,0.08292671207282087
jena_weather_10min_temperature--flowstate,normalized,41,0.08292671207282087
jena_weather_10min_temperature--flowstate,normalized,42,0.08292671207282087
jena_weather_10min_temperature--flowstate,normalized,43,0.08292671207282087
jena_weather_10min_temperature--flowstate,normalized,44,0.08292671207282087
jena_weather_10min_temperature--flowstate,normalized,45,0.08292671207282087
jena_weather_10min_temperature--flowstate,normalized,46,0.08292671207282087
jena_weather_10min_temperature--flowstate,normalized,47,0.08292524605603566
jena_weather_10min_temperature--flowstate,physical,0,0.2890014959385789
jena_weather_10min_temperature--flowstate,physical,1,0.289151482013825
jena_weather_10min_temperature--flowstate,physical,2,0.28922923481850604
jena_weather_10min_temperature--flowstate,physical,3,0.28927831419814387
jena_weather_10min_temperature--flowstate,physical,4,0.28945276846881746
jena_weather_10min_temperature--flowstate,physical,5,0.2895002767564086
jena_weather_10min_temperature--flowstate,physical,6,0.2895319599810759
jena_weather_10min_temperature--flowstate,physical,7,0.28959269771220797
jena_weather_10min_temperature--flowstate,physical,8,0.2896135061600624
jena_weather_10min_temperature--flowstate,physical,9,0.28962982206524224
jena_weather_10min_temperature--flowstate,physical,10,0.2896536207073219
jena_weather_10min_temperature--flowstate,physical,11,0.289649340340952
jena_weather_10min_temperature--flowstate,physical,12,0.289639610341692
jena_weather_10min_temperature--flowstate,physical,13,0.2896451936995629
jena_weather_10min_temperature--flowstate,physical,14,0.2896419782468119
jena_weather_10min_temperature--flowstate,physical,15,0.2896416428618094
jena_weather_10min_temperature--flowstate,physical,16,0.28963915588530526
jena_weather_10min_temperature--flowstate,physical,17,0.2896298334528554
jena_weather_10min_temperature--flowstate,physical,18,0.28961417829929675
jena_weather_10min_temperature--flowstate,physical,19,0.28961718408563486
jena_weather_10min_temperature--flowstate,physical,20,0.2895930172335834
jena_weather_10min_temperature--flowstate,physical,21,0.2895930682802451
jena_weather_10min_temperature--flowstate,physical,22,0.28958935250893086
jena_weather_10min_temperature--flowstate,physical,23,0.2895880217233065
jena_weather_10min_temperature--flowstate,physical,24,0.2895988388991505
jena_weather_10min_temperature--flowstate,physical,25,0.2895794627906155
jena_weather_10min_temperature--flowstate,physical,26,0.2895857686744299
jena_weather_10min_temperature--flowstate,physical,27,0.28959684666603347
jena_weather_10min_temperature--flowstate,physical,28,0.28966366139434746
jena_weather_10min_temperature--flowstate,physical,29,0.28966366139434746
jena_weather_10min_temperature--flowstate,physical,30,0.28966366139434746
jena_weather_10min_temperature--flowstate,physical,31,0.28966366139434746
jena_weather_10min_temperature--flowstate,physical,32,0.28966366139434746
jena_weather_10min_temperature--flowstate,physical,33,0.28966366139434746
jena_weather_10min_temperature--flowstate,physical,34,0.28966366139434746
jena_weather_10min_temperature--flowstate,physical,35,0.28966366139434746
jena_weather_10min_temperature--flowstate,physical,36,0.28966366139434746
jena_weather_10min_temperature--flowstate,physical,37,0.28966366139434746
jena_weather_10min_temperature--flowstate,physical,38,0.28966366139434746
jena_weather_10min_temperature--flowstate,physical,39,0.28966366139434746
jena_weather_10min_temperature--flowstate,physical,40,0.28966366139434746
jena_weather_10min_temperature--flowstate,physical,41,0.28966366139434746
jena_weather_10min_temperature--flowstate,physical,42,0.28966366139434746
jena_weather_10min_temperature--flowstate,physical,43,0.28966366139434746
jena_weather_10min_temperature--flowstate,physical,44,0.28966366139434746
jena_weather_10min_temperature--flowstate,physical,45,0.28966366139434746
jena_weather_10min_temperature--flowstate,physical,46,0.28966366139434746
jena_weather_10min_temperature--flowstate,physical,47,0.28965794642749754
loop_seattle_5min_speed--chronos,normalized,0,0.3866018070800541
loop_seattle_5min_speed--chronos,normalized,1,0.3867400378237785
loop_seattle_5min_speed--chronos,normalized,2,0.3869082165157007
loop_seattle_5min_speed--chronos,normalized,3,0.38704520690009336
loop_seattle_5min_speed--chronos,normalized,4,0.3871496652597154
loop_seattle_5min_speed--chronos,normalized,5,0.3872258152411567
loop_seattle_5min_speed--chronos,normalized,6,0.3872749303778639
loop_seattle_5min_speed--chronos,normalized,7,0.3872663781003629
loop_seattle_5min_speed--chronos,normalized,8,0.387295864715313
loop_seattle_5min_speed--chronos,normalized,9,0.38732172977439944
loop_seattle_5min_speed--chronos,normalized,10,0.3873377875108571
loop_seattle_5min_speed--chronos,normalized,11,0.3873298260042858
loop_seattle_5min_speed--chronos,normalized,12,0.3873302482802368
loop_seattle_5min_speed--chronos,normalized,13,0.38731485446923664
loop_seattle_5min_speed--chronos,normalized,14,0.38729914206927
loop_seattle_5min_speed--chronos,normalized,15,0.38729170137922225
loop_seattle_5min_speed--chronos,normalized,16,0.3872913059191672
loop_seattle_5min_speed--chronos,normalized,17,0.38727778119483053
loop_seattle_5min_speed--chronos,normalized,18,0.38725846960518373
loop_seattle_5min_speed--chronos,normalized,19,0.38725477046802986
loop_seattle_5min_speed--chronos,normalized,20,0.3872619968940426
loop_seattle_5min_speed--chronos,normalized,21,0.3872832888875153
loop_seattle_5min_speed--chronos,normalized,22,0.38729736666826975
loop_seattle_5min_speed--chronos,normalized,23,0.38729518811434427
loop_seattle_5min_speed--chronos,normalized,24,0.3873068462777116
loop_seattle_5min_speed--chronos,normalized,25,0.3873043658942975
loop_seattle_5min_speed--chronos,normalized,26,0.38730419320972975
loop_seattle_5min_speed--chronos,normalized,27,0.38733431061248097
loop_seattle_5min_speed--chronos,normalized,28,0.38732732362920014
loop_seattle_5min_speed--chronos,normalized,29,0.387333731935854
loop_seattle_5min_speed--chronos,normalized,30,0.38735018935884824
loop_seattle_5min_speed--chronos,normalized,31,0.38734854469494834
loop_seattle_5min_speed--chronos,normalized,32,0.3873572831200693
loop_seattle_5min_speed--chronos,normalized,33,0.3873531098104116
loop_seattle_5min_speed--chronos,normalized,34,0.38737700488486027
loop_seattle_5min_speed--chronos,normalized,35,0.38734424322737265
loop_seattle_5min_speed--chronos,normalized,36,0.3873769130470148
loop_seattle_5min_speed--chronos,normalized,37,0.3873568270187971
loop_seattle_5min_speed--chronos,normalized,38,0.38734328176984767
loop_seattle_5min_speed--chronos,normalized,39,0.3873301364034348
loop_seattle_5min_speed--chronos,normalized,40,0.38730544231466624
loop_seattle_5min_speed--chronos,normalized,41,0.3872929139713024
loop_seattle_5min_speed--chronos,normalized,42,0.38726572719718294
loop_seattle_5min_speed--chronos,normalized,43,0.38724586878330447
loop_seattle_5min_speed--chronos,normalized,44,0.3872124433916258
loop_seattle_5min_speed--chronos,normalized,45,0.38713489472107354
loop_seattle_5min_speed--chronos,normalized,46,0.3870780014656408
loop_seattle_5min_speed--chronos,normalized,47,0.3868865599976949
loop_seattle_5min_speed--chronos,physical,0,3.1352656234795826
loop_seattle_5min_speed--chronos,physical,1,3.1362994872639067
loop_seattle_5min_speed--chronos,physical,2,3.137536569288494
loop_seattle_5min_speed--chronos,physical,3,3.1386551178473687
loop_seattle_5min_speed--chronos,physical,4,3.139581341218449
loop_seattle_5min_speed--chronos,physical,5,3.1403845914909168
loop_seattle_5min_speed--chronos,physical,6,3.1409655632553948
loop_seattle_5min_speed--chronos,physical,7,3.1409864079625938
loop_seattle_5min_speed--chronos,physical,8,3.1413515740984774
loop_seattle_5min_speed--chronos,physical,9,3.1415798523217817
loop_seattle_5min_speed--chronos,physical,10,3.141728636238768
loop_seattle_5min_speed--chronos,physical,11,3.1416134490858236
loop_seattle_5min_speed--chronos,physical,12,3.141623872256034
loop_seattle_5min_speed--chronos,physical,13,3.141473012416044
loop_seattle_5min_speed--chronos,physical,14,3.141408332078802
loop_seattle_5min_speed--chronos,physical,15,3.141337716407412
loop_seattle_5min_speed--chronos,physical,16,3.141300538936357
loop_seattle_5min_speed--chronos,physical,17,3.141201931565366
loop_seattle_5min_speed--chronos,physical,18,3.141088667496384
loop_seattle_5min_speed--chronos,physical,19,3.141057048906277
loop_seattle_5min_speed--chronos,physical,20,3.1411046602070103
loop_seattle_5min_speed--chronos,physical,21,3.1412049333537397
loop_seattle_5min_speed--chronos,physical,22,3.141295136763674
loop_seattle_5min_speed--chronos,physical,23,3.141318467518504
loop_seattle_5min_speed--chronos,physical,24,3.1413954394583103
loop_seattle_5min_speed--chronos,physical,25,3.141370925827216
loop_seattle_5min_speed--chronos,physical,26,3.1413411399140703
loop_seattle_5min_speed--chronos,physical,27,3.141683422137712
loop_seattle_5min_speed--chronos,physical,28,3.1416677756274836
loop_seattle_5min_speed--chronos,physical,29,3.1416988601494986
loop_seattle_5min_speed--chronos,physical,30,3.1417959800977067
loop_seattle_5min_speed--chronos,physical,31,3.1419175578328744
loop_seattle_5min_speed--chronos,physical,32,3.1418281852829417
loop_seattle_5min_speed--chronos,physical,33,3.141739250161358
loop_seattle_5min_speed--chronos,physical,34,3.1418925047346353
loop_seattle_5min_speed--chronos,physical,35,3.1415816387079443
loop_seattle_5min_speed--chronos,physical,36,3.1418900165236594
loop_seattle_5min_speed--chronos,physical,37,3.1416582047079755
loop_seattle_5min_speed--chronos,physical,38,3.141556884920307
loop_seattle_5min_speed--chronos,physical,39,3.1414331426070703
loop_seattle_5min_speed--chronos,physical,40,3.1412979497073548
loop_seattle_5min_speed--chronos,physical,41,3.1412590269335743
loop_seattle_5min_speed--chronos,physical,42,3.141100761560083
loop_seattle_5min_speed--chronos,physical,43,3.141052556471783
loop_seattle_5min_speed--chronos,physical,44,3.140867676641326
loop_seattle_5min_speed--chronos,physical,45,3.1403365357376054
loop_seattle_5min_speed--chronos,physical,46,3.1396012335684964
loop_seattle_5min_speed--chronos,physical,47,3.1378987265073537
loop_seattle_5min_speed--flowstate,normalized,0,0.3631758804296366
loop_seattle_5min_speed--flowstate,normalized,1,0.36320847532900713
loop_seattle_5min_speed--flowstate,normalized,2,0.3632498953590586
loop_seattle_5min_speed--flowstate,normalized,3,0.36328353322990303
loop_seattle_5min_speed--flowstate,normalized,4,0.3633153702980469
loop_seattle_5min_speed--flowstate,normalized,5,0.36330013513700404
loop_seattle_5min_speed--flowstate,normalized,6,0.3633026690250151
loop_seattle_5min_speed--flowstate,normalized,7,0.36330254760568764
loop_seattle_5min_speed--flowstate,normalized,8,0.36329138372848413
loop_seattle_5min_speed--flowstate,normalized,9,0.3632889658124407
loop_seattle_5min_speed--flowstate,normalized,10,0.36329209225466635
loop_seattle_5min_speed--flowstate,normalized,11,0.3632831569269862
loop_seattle_5min_speed--flowstate,normalized,12,0.36327245745953124
loop_seattle_5min_speed--flowstate,normalized,13,0.3632685686365053
loop_seattle_5min_speed--flowstate,normalized,14,0.3632730162178716
loop_seattle_5min_speed--flowstate,normalized,15,0.3632750117201637
loop_seattle_5min_speed--flowstate,normalized,16,0.3632750117201637
loop_seattle_5min_speed--flowstate,normalized,17,0.3632750117201637
loop_seattle_5min_speed--flowstate,normalized,18,0.3632750117201637
loop_seattle_5min_speed--flowstate,normalized,19,0.36327305627857126
loop_seattle_5min_speed--flowstate,normalized,20,0.3632697549053213
loop_seattle_5min_speed--flowstate,normalized,21,0.3632666420476553
loop_seattle_5min_speed--flowstate,normalized,22,0.3632696993450152
loop_seattle_5min_speed--flowstate,normalized,23,0.36327131800417395
loop_seattle_5min_speed--flowstate,normalized,24,0.3632635470376944
loop_seattle_5min_speed--flowstate,normalized,25,0.3632561359539004
loop_seattle_5min_speed--flowstate,normalized,26,0.36326277423654113
loop_seattle_5min_speed--flowstate,normalized,27,0.36326374970670594
loop_seattle_5min_speed--flowstate,normalized,28,0.3632618876770164
loop_seattle_5min_speed--flowstate,normalized,29,0.36326543114866056
loop_seattle_5min_speed--flowstate,normalized,30,0.3632777991978105
loop_seattle_5min_speed--flowstate,normalized,31,0.3632854667922816
loop_seattle_5min_speed--flowstate,normalized,32,0.36327729911950246
loop_seattle_5min_speed--flowstate,normalized,33,0.3632795851699695
loop_seattle_5min_speed--flowstate,normalized,34,0.36328510593170416
loop_seattle_5min_speed--flowstate,normalized,35,0.36331252198431163
loop_seattle_5min_speed--flowstate,normalized,36,0.3632874048955213
loop_seattle_5min_speed--flowstate,normalized,37,0.36328674673043637
loop_seattle_5min_speed--flowstate,normalized,38,0.3632757451757571
loop_seattle_5min_speed--flowstate,normalized,39,0.3632758120809951
loop_seattle_5min_speed--flowstate,normalized,40,0.36326864840849027
loop_seattle_5min_speed--flowstate,normalized,41,0.36326420298829515
loop_seattle_5min_speed--flowstate,normalized,42,0.3632680460543677
loop_seattle_5min_speed--flowstate,normalized,43,0.36329324887042835
loop_seattle_5min_speed--flowstate,normalized,44,0.3632854252161216
loop_seattle_5min_speed--flowstate,normalized,45,0.36328623546018
loop_seattle_5min_speed--flowstate,normalized,46,0.36327400240705227
loop_seattle_5min_speed--flowstate,normalized,47,0.363252778495572
loop_seattle_5min_speed--flowstate,physical,0,2.9528564117794276
loop_seattle_5min_speed--flowstate,physical,1,2.9530809409330216
loop_seattle_5min_speed--flowstate,physical,2,2.9534062636849283
loop_seattle_5min_speed--flowstate,physical,3,2.953696734355996
loop_seattle_5min_speed--flowstate,physical,4,2.9540031135623104
loop_seattle_5min_speed--flowstate,physical,5,2.9537736277439457
loop_seattle_5min_speed--flowstate,physical,6,2.953776211045279
loop_seattle_5min_speed--flowstate,physical,7,2.953725111094558
loop_seattle_5min_speed--flowstate,physical,8,2.953624458919969
loop_seattle_5min_speed--flowstate,physical,9,2.9536148070365185
loop_seattle_5min_speed--flowstate,physical,10,2.9536350605373296
loop_seattle_5min_speed--flowstate,physical,11,2.953591944212733
loop_seattle_5min_speed--flowstate,physical,12,2.9535572530001803
loop_seattle_5min_speed--flowstate,physical,13,2.953576051505167
loop_seattle_5min_speed--flowstate,physical,14,2.9534399882766538
loop_seattle_5min_speed--flowstate,physical,15,2.9534356690516677
loop_seattle_5min_speed--flowstate,physical,16,2.9534356690516677
loop_seattle_5min_speed--flowstate,physical,17,2.9534356690516677
loop_seattle_5min_speed--flowstate,physical,18,2.9534356690516677
loop_seattle_5min_speed--flowstate,physical,19,2.9534291046169594
loop_seattle_5min_speed--flowstate,physical,20,2.953413400449021
loop_seattle_5min_speed--flowstate,physical,21,2.953392227626578
loop_seattle_5min_speed--flowstate,physical,22,2.9534730671086766
loop_seattle_5min_speed--flowstate,physical,23,2.9534983105362764
loop_seattle_5min_speed--flowstate,physical,24,2.9535200036393734
loop_seattle_5min_speed--flowstate,physical,25,2.9534849953816735
loop_seattle_5min_speed--flowstate,physical,26,2.953573887999298
loop_seattle_5min_speed--flowstate,physical,27,2.953653007743815
loop_seattle_5min_speed--flowstate,physical,28,2.953738127413853
loop_seattle_5min_speed--flowstate,physical,29,2.953720759211626
loop_seattle_5min_speed--flowstate,physical,30,2.953738410540099
loop_seattle_5min_speed--flowstate,physical,31,2.9538440190838515
loop_seattle_5min_speed--flowstate,physical,32,2.95375798601635
loop_seattle_5min_speed--flowstate,physical,33,2.9536304558058384
loop_seattle_5min_speed--flowstate,physical,34,2.95362135006295
loop_seattle_5min_speed--flowstate,physical,35,2.953950699247994
loop_seattle_5min_speed--flowstate,physical,36,2.953596159982402
loop_seattle_5min_speed--flowstate,physical,37,2.9535944647188885
loop_seattle_5min_speed--flowstate,physical,38,2.953521721206943
loop_seattle_5min_speed--flowstate,physical,39,2.9534793133800967
loop_seattle_5min_speed--flowstate,physical,40,2.9534424880001833
loop_seattle_5min_speed--flowstate,physical,41,2.95340464469464
loop_seattle_5min_speed--flowstate,physical,42,2.953534795076757
loop_seattle_5min_speed--flowstate,physical,43,2.9537334758817058
loop_seattle_5min_speed--flowstate,physical,44,2.9536514277048838
loop_seattle_5min_speed--flowstate,physical,45,2.9536324819148443
loop_seattle_5min_speed--flowstate,physical,46,2.953518071255329
loop_seattle_5min_speed--flowstate,physical,47,2.953422443482873
solar_10min_power--chronos,normalized,0,0.0985886558362817
solar_10min_power--chronos,normalized,1,0.0985907567063238
solar_10min_power--chronos,normalized,2,0.09855902445353672
solar_10min_power--chronos,normalized,3,0.09855259161212046
solar_10min_power--chronos,normalized,4,0.098560550155729
solar_10min_power--chronos,normalized,5,0.09859969054056911
solar_10min_power--chronos,normalized,6,0.09863442421615977
solar_10min_power--chronos,normalized,7,0.09869015234826957
solar_10min_power--chronos,normalized,8,0.09877258466282698
solar_10min_power--chronos,normalized,9,0.0988059899538603
solar_10min_power--chronos,normalized,10,0.09885632162134317
solar_10min_power--chronos,normalized,11,0.09889386245033384
solar_10min_power--chronos,normalized,12,0.0988868455960312
solar_10min_power--chronos,normalized,13,0.0988902789814133
solar_10min_power--chronos,normalized,14,0.09889022371201553
solar_10min_power--chronos,normalized,15,0.09890940996697796
solar_10min_power--chronos,normalized,16,0.09891240213382053
solar_10min_power--chronos,normalized,17,0.09890518345672392
solar_10min_power--chronos,normalized,18,0.09890468364415723
solar_10min_power--chronos,normalized,19,0.09888366672057738
solar_10min_power--chronos,normalized,20,0.09890078364001924
solar_10min_power--chronos,normalized,21,0.09890398834691318
solar_10min_power--chronos,normalized,22,0.0989050542014783
solar_10min_power--chronos,normalized,23,0.09890529200337336
solar_10min_power--chronos,normalized,24,0.09890526207654965
solar_10min_power--chronos,normalized,25,0.09890501079471685
solar_10min_power--chronos,normalized,26,0.09890534295471182
solar_10min_power--chronos,normalized,27,0.09890542236467886
solar_10min_power--chronos,normalized,28,0.09890543246623776
solar_10min_power--chronos,normalized,29,0.09890540144938792
solar_10min_power--chronos,normalized,30,0.09890532364476837
solar_10min_power--chronos,normalized,31,0.09890534222190213
solar_10min_power--chronos,normalized,32,0.09890532535580232
solar_10min_power--chronos,normalized,33,0.0989053106291883
solar_10min_power--chronos,normalized,34,0.09890506513674775
solar_10min_power--chronos,normalized,35,0.0989054341740861
solar_10min_power--chronos,normalized,36,0.09890537711708637
solar_10min_power--chronos,normalized,37,0.09890524458530908
solar_10min_power--chronos,normalized,38,0.09890534639376654
solar_10min_power--chronos,normalized,39,0.09890515581587725
solar_10min_power--chronos,normalized,40,0.0989054089837932
solar_10min_power--chronos,normalized,41,0.09890546139038217
solar_10min_power--chronos,normalized,42,0.09890550366835822
solar_10min_power--chronos,normalized,43,0.09890550366835822
solar_10min_power--chronos,normalized,44,0.09890527678473074
solar_10min_power--chronos,normalized,45,0.09890455133877579
solar_10min_power--chronos,normalized,46,0.09890540156777172
solar_10min_power--chronos,normalized,47,0.09890434250511504
solar_10min_power--chronos,physical,0,0.6930088670168829
solar_10min_power--chronos,physical,1,0.6931995981193471
solar_10min_power--chronos,physical,2,0.6930554628604507
solar_10min_power--chronos,physical,3,0.6931271066222434
solar_10min_power--chronos,physical,4,0.6932532554165332
solar_10min_power--chronos,physical,5,0.69352118969267
solar_10min_power--chronos,physical,6,0.6937434260535326
solar_10min_power--chronos,physical,7,0.6941032573318328
solar_10min_power--chronos,physical,8,0.6947215874782151
solar_10min_power--chronos,physical,9,0.6949816927732152
solar_10min_power--chronos,physical,10,0.6953653081752401
solar_10min_power--chronos,physical,11,0.6956383740446913
solar_10min_power--chronos,physical,12,0.6955836626366995
solar_10min_power--chronos,physical,13,0.6955762508325861
solar_10min_power--chronos,physical,14,0.695565549545002
solar_10min_power--chronos,physical,15,0.6957322734654714
solar_10min_power--chronos,physical,16,0.6957774892466428
solar_10min_power--chronos,physical,17,0.6957367566028264
solar_10min_power--chronos,physical,18,0.6957327146775135
solar_10min_power--chronos,physical,19,0.6955566560976982
solar_10min_power--chronos,physical,20,0.69570101854859
solar_10min_power--chronos,physical,21,0.6957272377468059
solar_10min_power--chronos,physical,22,0.6957361084171304
solar_10min_power--chronos,physical,23,0.6957379330186438
solar_10min_power--chronos,physical,24,0.6957376468891083
solar_10min_power--chronos,physical,25,0.6957355583614275
solar_10min_power--chronos,physical,26,0.6957382674827394
solar_10min_power--chronos,physical,27,0.6957388186903055
solar_10min_power--chronos,physical,28,0.6957388391748752
solar_10min_power--chronos,physical,29,0.6957386398365677
solar_10min_power--chronos,physical,30,0.6957381088159139
solar_10min_power--chronos,physical,31,0.6957381706787538
solar_10min_power--chronos,physical,32,0.6957380554786159
solar_10min_power--chronos,physical,33,0.6957378452053327
solar_10min_power--chronos,physical,34,0.6957360082923295
solar_10min_power--chronos,physical,35,0.6957389169127358
solar_10min_power--chronos,physical,36,0.6957384822032545
solar_10min_power--chronos,physical,37,0.695737458786593
solar_10min_power--chronos,physical,38,0.6957382292435796
solar_10min_power--chronos,physical,39,0.6957366974739466
solar_10min_power--chronos,physical,40,0.6957385475385615
solar_10min_power--chronos,physical,41,0.6957391480259433
solar_10min_power--chronos,physical,42,0.6957396851117817
solar_10min_power--chronos,physical,43,0.6957396851117817
solar_10min_power--chronos,physical,44,0.695737531434161
solar_10min_power--chronos,physical,45,0.6957325446593458
solar_10min_power--chronos,physical,46,0.6957387403346328
solar_10min_power--chronos,physical,47,0.6957304266892557
solar_10min_power--flowstate,normalized,0,0.09370178142118503
solar_10min_power--flowstate,normalized,1,0.09370096692421186
solar_10min_power--flowstate,normalized,2,0.09367505981693998
solar_10min_power--flowstate,normalized,3,0.09367941027079477
solar_10min_power--flowstate,normalized,4,0.09367904270744382
solar_10min_power--flowstate,normalized,5,0.09367497656210799
solar_10min_power--flowstate,normalized,6,0.09367884971452647
solar_10min_power--flowstate,normalized,7,0.0936435899179754
solar_10min_power--flowstate,normalized,8,0.09362294413767917
solar_10min_power--flowstate,normalized,9,0.09362567215367215
solar_10min_power--flowstate,normalized,10,0.09377885932877988
solar_10min_power--flowstate,normalized,11,0.09378851555056796
solar_10min_power--flowstate,normalized,12,0.09378867112097522
solar_10min_power--flowstate,normalized,13,0.09378753306058892
solar_10min_power--flowstate,normalized,14,0.09368132156555836
solar_10min_power--flowstate,normalized,15,0.09366310067549932
solar_10min_power--flowstate,normalized,16,0.09378389861054684
solar_10min_power--flowstate,normalized,17,0.09378757753111347
solar_10min_power--flowstate,normalized,18,0.09368363837305627
solar_10min_power--flowstate,normalized,19,0.0936787788799075
solar_10min_power--flowstate,normalized,20,0.09366510964294518
solar_10min_power--flowstate,normalized,21,0.09366839486025902
solar_10min_power--flowstate,normalized,22,0.09369857094984975
solar_10min_power--flowstate,normalized,23,0.0937324457850421
solar_10min_power--flowstate,normalized,24,0.09374905421140628
solar_10min_power--flowstate,normalized,25,0.0937304576731935
solar_10min_power--flowstate,normalized,26,0.09371469462478582
solar_10min_power--flowstate,normalized,27,0.09370879788726866
solar_10min_power--flowstate,normalized,28,0.09370823557153725
solar_10min_power--flowstate,normalized,29,0.09369103546314485
solar_10min_power--flowstate,normalized,30,0.09369984941767877
solar_10min_power--flowstate,normalized,31,0.09370321299290077
solar_10min_power--flowstate,normalized,32,0.09367544060523504
solar_10min_power--flowstate,normalized,33,0.09370260852085519
solar_10min_power--flowstate,normalized,34,0.09375646651952026
solar_10min_power--flowstate,normalized,35,0.09377441659904645
solar_10min_power--flowstate,normalized,36,0.09378816414355855
solar_10min_power--flowstate,normalized,37,0.09378852296295678
solar_10min_power--flowstate,normalized,38,0.09378479187715197
solar_10min_power--flowstate,normalized,39,0.09378101017189458
solar_10min_power--flowstate,normalized,40,0.0937879256733126
solar_10min_power--flowstate,normalized,41,0.09378624205363423
solar_10min_power--flowstate,normalized,42,0.09378799086174357
solar_10min_power--flowstate,normalized,43,0.0937886911653634
solar_10min_power--flowstate,normalized,44,0.09378103765646452
solar_10min_power--flowstate,normalized,45,0.09378247036386257
solar_10min_power--flowstate,normalized,46,0.09378427502083699
solar_10min_power--flowstate,normalized,47,0.0937848134681214
solar_10min_power--flowstate,physical,0,0.6677759407649884
solar_10min_power--flowstate,physical,1,0.6677167209062859
solar_10min_power--flowstate,physical,2,0.667346903792223
solar_10min_power--flowstate,physical,3,0.6674896880720999
solar_10min_power--flowstate,physical,4,0.6675346289929289
solar_10min_power--flowstate,physical,5,0.6674222482976607
solar_10min_power--flowstate,physical,6,0.6675133393906485
solar_10min_power--flowstate,physical,7,0.666859321290569
solar_10min_power--flowstate,physical,8,0.666453407486349
solar_10min_power--flowstate,physical,9,0.6663830573689249
solar_10min_power--flowstate,physical,10,0.6690232805925506
solar_10min_power--flowstate,physical,11,0.6691497130326722
solar_10min_power--flowstate,physical,12,0.6691491371767492
solar_10min_power--flowstate,physical,13,0.6691379378466034
solar_10min_power--flowstate,physical,14,0.6667658154237169
solar_10min_power--flowstate,physical,15,0.6660398213450215
solar_10min_power--flowstate,physical,16,0.6690922495562915
solar_10min_power--flowstate,physical,17,0.669138852569838
solar_10min_power--flowstate,physical,18,0.666454624066372
solar_10min_power--flowstate,physical,19,0.6662030045296667
solar_10min_power--flowstate,physical,20,0.6660023681411378
solar_10min_power--flowstate,physical,21,0.6662993755750689
solar_10min_power--flowstate,physical,22,0.6661949193797967
solar_10min_power--flowstate,physical,23,0.6664011914254394
solar_10min_power--flowstate,physical,24,0.6664903655493796
solar_10min_power--flowstate,physical,25,0.6663829796051837
solar_10min_power--flowstate,physical,26,0.6662526246353736
solar_10min_power--flowstate,physical,27,0.6665250749502649
solar_10min_power--flowstate,physical,28,0.6667763005407211
solar_10min_power--flowstate,physical,29,0.6668201395686283
solar_10min_power--flowstate,physical,30,0.6668020288610932
solar_10min_power--flowstate,physical,31,0.6667365777565046
solar_10min_power--flowstate,physical,32,0.66659434909001
solar_10min_power--flowstate,physical,33,0.667655653762011
solar_10min_power--flowstate,physical,34,0.6686535198300183
solar_10min_power--flowstate,physical,35,0.6689511501710278
solar_10min_power--flowstate,physical,36,0.6691469903639007
solar_10min_power--flowstate,physical,37,0.6691507548136286
solar_10min_power--flowstate,physical,38,0.6691070356033859
solar_10min_power--flowstate,physical,39,0.6690435555942081
solar_10min_power--flowstate,physical,40,0.6691433606439036
solar_10min_power--flowstate,physical,41,0.6691228154512852
solar_10min_power--flowstate,physical,42,0.669145933624051
solar_10min_power--flowstate,physical,43,0.6691559508759117
solar_10min_power--flowstate,physical,44,0.6690161429038665
solar_10min_power--flowstate,physical,45,0.668928556366144
solar_10min_power--flowstate,physical,46,0.6689435163112523
solar_10min_power--flowstate,physical,47,0.6689729743200231
