cell,group,metric,geometry,time,gain_percent
electricity_15min_load--chronos,all,bounded_crps,0.11896748466574747,0.11931804587500267,0.2938040148783849
electricity_15min_load--flowstate,all,bounded_crps,0.12320731329514963,0.1234787710391869,0.21984163087526154
ett1_15min_ot--chronos,all,bounded_crps,0.1538244943793186,0.15395913594930855,0.08745279658770588
ett1_15min_ot--flowstate,all,bounded_crps,0.15440418314683227,0.1545511432814903,0.09508835168586804
ett2_15min_ot--chronos,all,bounded_crps,0.09863535418353969,0.09938392319091388,0.7532093555375208
ett2_15min_ot--flowstate,all,bounded_crps,0.0939749118993182,0.09424173695875067,0.28312833362702516
jena_weather_10min_temperature--chronos,all,bounded_crps,0.09131489909687987,0.09139256722353349,0.08498297948416056
jena_weather_10min_temperature--flowstate,all,bounded_crps,0.08275045800812386,0.08292671207282086,0.21254196662496838
loop_seattle_5min_speed--chronos,all,bounded_crps,0.38660180708005404,0.3873379196015238,0.19004401175775065
loop_seattle_5min_speed--flowstate,all,bounded_crps,0.3631758804296366,0.3632612133852009,0.023490797371150673
solar_10min_power--chronos,all,bounded_crps,0.09858865583628171,0.09865745198971505,0.0697323436252062
solar_10min_power--flowstate,all,bounded_crps,0.09370178142118502,0.09378883867589388,0.09282261720897633
electricity_15min_load--chronos,all,physical_crps,27.29185039081966,27.40413333240788,0.40972994922424677
electricity_15min_load--flowstate,all,physical_crps,28.179681823532942,28.25985304081038,0.28369297307265784
ett1_15min_ot--chronos,all,physical_crps,0.3522784470359129,0.352515250465516,0.06717537164432352
ett1_15min_ot--flowstate,all,physical_crps,0.3522988682194857,0.3526272327485356,0.093119446983847
ett2_15min_ot--chronos,all,physical_crps,0.5894037451145916,0.5951006356865669,0.9572986870368227
ett2_15min_ot--flowstate,all,physical_crps,0.5679651246507579,0.5698396134109466,0.32895023723752415
jena_weather_10min_temperature--chronos,all,physical_crps,0.32615084340826156,0.32639402337722245,0.07450503120268737
jena_weather_10min_temperature--flowstate,all,physical_crps,0.2890014959385789,0.2896636613943474,0.2285980411146804
loop_seattle_5min_speed--chronos,all,physical_crps,3.135265623479583,3.1416487428874915,0.20317737373917177
loop_seattle_5min_speed--flowstate,all,physical_crps,2.9528564117794276,2.953493674785996,0.021576582743632056
solar_10min_power--chronos,all,physical_crps,0.693008867016883,0.6937442136585933,0.10599679640314053
solar_10min_power--flowstate,all,physical_crps,0.6677759407649884,0.6691543931324322,0.20599915080748987
electricity_15min_load--chronos,all,bounded_is90,1.0388568017989055,1.0535851480702743,1.397926527186233
electricity_15min_load--flowstate,all,bounded_is90,1.0874156518853317,1.1069259444314143,1.7625652957393045
ett1_15min_ot--chronos,all,bounded_is90,1.4016435249883905,1.41092917011861,0.6581226986354549
ett1_15min_ot--flowstate,all,bounded_is90,1.4290085482932593,1.4369764457793543,0.5544904726516697
ett2_15min_ot--chronos,all,bounded_is90,0.9423226151931208,0.9807694886697615,3.9200723432768148
ett2_15min_ot--flowstate,all,bounded_is90,0.8382720128404977,0.8566158756679795,2.1414339085389256
jena_weather_10min_temperature--chronos,all,bounded_is90,0.849596458512136,0.8618592168887184,1.4228261572522771
jena_weather_10min_temperature--flowstate,all,bounded_is90,0.7162226487285018,0.7229499039103876,0.9305285394601293
loop_seattle_5min_speed--chronos,all,bounded_is90,3.8654673610272248,3.8990746631784656,0.8619302027893072
loop_seattle_5min_speed--flowstate,all,bounded_is90,3.3205475347228943,3.3169687513657373,-0.10789318879425025
solar_10min_power--chronos,all,bounded_is90,1.0066102766837277,1.0087063287209,0.2077960628868225
solar_10min_power--flowstate,all,bounded_is90,0.9018362692421577,0.9091041475168977,0.7994549683434382
electricity_15min_load--chronos,all,physical_is90,238.73407761567793,243.97959287373894,2.149981150585656
electricity_15min_load--flowstate,all,physical_is90,246.13076071698453,251.49618668963222,2.1334025152711766
ett1_15min_ot--chronos,all,physical_is90,3.207954691966707,3.227568179868368,0.6076862457623067
ett1_15min_ot--flowstate,all,physical_is90,3.2554175953845874,3.2732614580131307,0.5451401563068115
ett2_15min_ot--chronos,all,physical_is90,5.480094796951561,5.772084963690156,5.058660234133527
ett2_15min_ot--flowstate,all,physical_is90,5.0287325726914025,5.164658170287441,2.631841123155565
jena_weather_10min_temperature--chronos,all,physical_is90,3.0372305937353996,3.085321055106934,1.5586858065203102
jena_weather_10min_temperature--flowstate,all,physical_is90,2.4933930545667398,2.519821178206734,1.0488094896798361
loop_seattle_5min_speed--chronos,all,physical_is90,30.696064884222956,30.990295352656467,0.9494277646769467
loop_seattle_5min_speed--flowstate,all,physical_is90,26.966372779913502,26.935179283998902,-0.11580949800149565
solar_10min_power--chronos,all,physical_is90,6.998536224551872,7.0348287596326955,0.5158979176448142
solar_10min_power--flowstate,all,physical_is90,6.6298619922653295,6.71736274805576,1.3026057855183737
electricity_15min_load--chronos,all,original_crps,352.8344661791148,351.9539910415694,-0.25016768099141995
electricity_15min_load--flowstate,all,original_crps,348.0346219611017,348.14947373195116,0.03298921282812728
ett1_15min_ot--chronos,all,original_crps,0.17202146964984794,0.17218368289216202,0.09420941612433564
ett1_15min_ot--flowstate,all,original_crps,0.17293300580562146,0.17308814671763031,0.08963115900821883
ett2_15min_ot--chronos,all,original_crps,0.09963989457955408,0.10039133948748523,0.7485156705423046
ett2_15min_ot--flowstate,all,original_crps,0.09504748994048728,0.09531807714204513,0.28387815792234594
jena_weather_10min_temperature--chronos,all,original_crps,0.10644615745318778,0.1065521193524262,0.09944607379225312
jena_weather_10min_temperature--flowstate,all,original_crps,0.09726227662703243,0.09745608055292139,0.19886283625342172
loop_seattle_5min_speed--chronos,all,original_crps,0.3920307405367749,0.3927637469576358,0.18662782055084426
loop_seattle_5min_speed--flowstate,all,original_crps,0.3685138494608109,0.3685962136996692,0.02234538386371998
solar_10min_power--chronos,all,original_crps,0.13004730366912126,0.13022752988914976,0.13839333371515883
solar_10min_power--flowstate,all,original_crps,0.1262462641255035,0.126326788819121,0.06374316514353717
electricity_15min_load--chronos,all,original_is90,4015.1635863906504,3934.1369581206704,-2.059578228529335
electricity_15min_load--flowstate,all,original_is90,4443.597527496552,4453.743630148235,0.22781065760053565
ett1_15min_ot--chronos,all,original_is90,1.5641004897593487,1.5747298444677988,0.6749954441895079
ett1_15min_ot--flowstate,all,original_is90,1.6015303413556006,1.6097902529231924,0.5131048316756037
ett2_15min_ot--chronos,all,original_is90,0.9513137507678036,0.9898341973948401,3.8916059607173703
ett2_15min_ot--flowstate,all,original_is90,0.8467579762244342,0.86530192314954,2.1430608703155607
jena_weather_10min_temperature--chronos,all,original_is90,0.9992356658035861,1.0138565398448287,1.4421048212087562
jena_weather_10min_temperature--flowstate,all,original_is90,0.8413994073734137,0.8484861763127868,0.8352250322061328
loop_seattle_5min_speed--chronos,all,original_is90,3.9226112320706243,3.956141845773416,0.8475584296507077
loop_seattle_5min_speed--flowstate,all,original_is90,3.366645499055423,3.3627654790106214,-0.11538182097501348
solar_10min_power--chronos,all,original_is90,1.3294188108542675,1.3340781199116678,0.3492530900445878
solar_10min_power--flowstate,all,original_is90,1.222930748687639,1.2312103039725644,0.6724728714672779
electricity_15min_load--chronos,low,bounded_crps,0.11566297970056394,0.11574629816859394,0.07198369999587007
electricity_15min_load--flowstate,low,bounded_crps,0.12929602015667616,0.1292539273273722,-0.032565996387368124
ett1_15min_ot--chronos,low,bounded_crps,0.16092923392050645,0.16097822943895235,0.0304361146328036
ett1_15min_ot--flowstate,low,bounded_crps,0.15532521394165222,0.15531769263497008,-0.004842530528570421
ett2_15min_ot--chronos,low,bounded_crps,0.1325441541369543,0.1324771342021323,-0.05058981327279444
ett2_15min_ot--flowstate,low,bounded_crps,0.10575793065288444,0.10572233624536986,-0.033667821558514
jena_weather_10min_temperature--chronos,low,bounded_crps,0.08961136877664438,0.08946499715986811,-0.1636076917486795
jena_weather_10min_temperature--flowstate,low,bounded_crps,0.0755030527116733,0.0755019373807556,-0.0014772215871428074
loop_seattle_5min_speed--chronos,low,bounded_crps,0.36930244751076996,0.3693619721626615,0.016115533373128876
loop_seattle_5min_speed--flowstate,low,bounded_crps,0.3163712601810964,0.31636981812591086,-0.000455813134792038
solar_10min_power--chronos,low,bounded_crps,0.07727043547335054,0.07734345495850255,0.09440939144906846
solar_10min_power--flowstate,low,bounded_crps,0.02524960469053804,0.02524959448306457,-4.0426286740391504e-05
electricity_15min_load--chronos,low,physical_crps,22.701335916157788,22.720418570672567,0.08398900951328558
electricity_15min_load--flowstate,low,physical_crps,25.00491078510872,24.993231930271783,-0.046728069701118535
ett1_15min_ot--chronos,low,physical_crps,0.3654266050915759,0.3654767635221054,0.013724109310297994
ett1_15min_ot--flowstate,low,physical_crps,0.34673172079931475,0.34677178402923503,0.011553197741398513
ett2_15min_ot--chronos,low,physical_crps,0.6778552808988789,0.6776307133268857,-0.03314011121051674
ett2_15min_ot--flowstate,low,physical_crps,0.5578830813755266,0.557647395754881,-0.042264273524761364
jena_weather_10min_temperature--chronos,low,physical_crps,0.29114894319810564,0.29054114673924303,-0.20919462378528042
jena_weather_10min_temperature--flowstate,low,physical_crps,0.24545239442738326,0.24544531294756933,-0.002885155853604715
loop_seattle_5min_speed--chronos,low,physical_crps,2.702073764168551,2.702629185719843,0.020551156415637983
loop_seattle_5min_speed--flowstate,low,physical_crps,2.486633074645506,2.4867045321585937,0.002873582774454153
solar_10min_power--chronos,low,physical_crps,0.5069959494115149,0.5073760397762794,0.07491295113819518
solar_10min_power--flowstate,low,physical_crps,0.15283927655977703,0.15283922373945996,-3.455939894259075e-05
electricity_15min_load--chronos,low,bounded_is90,1.0308537505041493,1.02405824961878,-0.6635853856847396
electricity_15min_load--flowstate,low,bounded_is90,1.1424776739112046,1.144130262695766,0.14444061471353686
ett1_15min_ot--chronos,low,bounded_is90,1.4685124458515204,1.4733552874180003,0.3286947559652642
ett1_15min_ot--flowstate,low,bounded_is90,1.4178093558273273,1.4147585245042968,-0.21564325432139597
ett2_15min_ot--chronos,low,bounded_is90,1.386757127040239,1.3888600715363948,0.1514151453594237
ett2_15min_ot--flowstate,low,bounded_is90,1.0258189099184514,1.0266217036387144,0.078197618209086
jena_weather_10min_temperature--chronos,low,bounded_is90,0.847124565012056,0.8471819221795123,0.00677034836964463
jena_weather_10min_temperature--flowstate,low,bounded_is90,0.6581624465711244,0.6583053031061055,0.02170065079333261
loop_seattle_5min_speed--chronos,low,bounded_is90,3.802589701780557,3.80244686967341,-0.003756320917625011
loop_seattle_5min_speed--flowstate,low,bounded_is90,3.0709021947442685,3.067567198810952,-0.10871794217284236
solar_10min_power--chronos,low,bounded_is90,0.9349794749140798,0.9363617267705715,0.14761943135576105
solar_10min_power--flowstate,low,bounded_is90,0.2619275579643109,0.2619273850435619,-6.601858335564259e-05
electricity_15min_load--chronos,low,physical_is90,203.27936142022736,202.60216966019357,-0.3342470424525068
electricity_15min_load--flowstate,low,physical_is90,221.24726964178896,221.51396639598744,0.12039726367488734
ett1_15min_ot--chronos,low,physical_is90,3.3304602935568277,3.339365222570205,0.26666532169618007
ett1_15min_ot--flowstate,low,physical_is90,3.1679041479118832,3.1631750106570835,-0.14950602602976648
ett2_15min_ot--chronos,low,physical_is90,6.7750469238840445,6.800863498452071,0.3796073038946135
ett2_15min_ot--flowstate,low,physical_is90,5.278577336800451,5.2844325136744486,0.11080048536614706
jena_weather_10min_temperature--chronos,low,physical_is90,2.739520152650064,2.7359196015382268,-0.13160295755083595
jena_weather_10min_temperature--flowstate,low,physical_is90,2.144015554426583,2.1444218419977608,0.01894625223549662
loop_seattle_5min_speed--chronos,low,physical_is90,27.439567074787035,27.44100659138732,0.00524585931457322
loop_seattle_5min_speed--flowstate,low,physical_is90,24.189180999572816,24.15592138198275,-0.1376872240314242
solar_10min_power--chronos,low,physical_is90,5.939451236700979,5.955589159879137,0.27097106171920515
solar_10min_power--flowstate,low,physical_is90,1.5935671528223088,1.5935582502789982,-0.0005586581669714263
electricity_15min_load--chronos,low,original_crps,738.56175176852,736.6603386552966,-0.25811259456349767
electricity_15min_load--flowstate,low,original_crps,820.7453900054621,820.7486245595745,0.0003940980241257108
ett1_15min_ot--chronos,low,original_crps,0.18343664839413076,0.183509134029633,0.03949974255261779
ett1_15min_ot--flowstate,low,original_crps,0.1760086033580218,0.17599011260785302,-0.010506698299561634
ett2_15min_ot--chronos,low,original_crps,0.13488062499314088,0.13481526225909699,-0.04848318576740063
ett2_15min_ot--flowstate,low,original_crps,0.10772315253307248,0.10768807290672791,-0.03257521970418953
jena_weather_10min_temperature--chronos,low,original_crps,0.10675295028325556,0.1066027819353732,-0.14086719422894411
jena_weather_10min_temperature--flowstate,low,original_crps,0.09178843069847642,0.09178777063293841,-0.0007191214400847912
loop_seattle_5min_speed--chronos,low,original_crps,0.37819075299374894,0.3782484313569681,0.015248804340639577
loop_seattle_5min_speed--flowstate,low,original_crps,0.3222384549104107,0.3222338001720589,-0.0014445220673175996
solar_10min_power--chronos,low,original_crps,0.09395241508425811,0.09409763691204606,0.15433100400139566
solar_10min_power--flowstate,low,original_crps,0.033301646083197314,0.03330166504798734,5.6948473881046624e-05
electricity_15min_load--chronos,low,original_is90,8739.345008440621,8535.418122073737,-2.389184495127439
electricity_15min_load--flowstate,low,original_is90,10630.037295255643,10633.22682166584,0.029995846638930512
ett1_15min_ot--chronos,low,original_is90,1.6770632159178473,1.6832744031566762,0.368994337891726
ett1_15min_ot--flowstate,low,original_is90,1.5987588966735575,1.59489094043424,-0.24252167601281904
ett2_15min_ot--chronos,low,original_is90,1.4095219584847287,1.411758878907285,0.15844918392067253
ett2_15min_ot--flowstate,low,original_is90,1.041745223135811,1.0425392254776429,0.07616042854100558
jena_weather_10min_temperature--chronos,low,original_is90,1.018536660777628,1.0193762311947745,0.0823611922128542
jena_weather_10min_temperature--flowstate,low,original_is90,0.8026304151501533,0.802852527590197,0.027665409575328148
loop_seattle_5min_speed--chronos,low,original_is90,3.8992369864677507,3.8989918730840403,-0.006286583601333717
loop_seattle_5min_speed--flowstate,low,original_is90,3.1225189862860288,3.1190482995272926,-0.11127390233944823
solar_10min_power--chronos,low,original_is90,1.146822406294762,1.1499914646145601,0.2755723339964322
solar_10min_power--flowstate,low,original_is90,0.35426351636783854,0.3542644025922749,0.0002501590421921662
electricity_15min_load--chronos,middle,bounded_crps,0.11280473305379501,0.11285568180385969,0.04514504653228002
electricity_15min_load--flowstate,middle,bounded_crps,0.11675344410929445,0.1168296091837441,0.06519329730005907
ett1_15min_ot--chronos,middle,bounded_crps,0.15014836448064414,0.1501833918359971,0.023323055182566943
ett1_15min_ot--flowstate,middle,bounded_crps,0.1467394915991126,0.14675306718324946,0.0092506305983453
ett2_15min_ot--chronos,middle,bounded_crps,0.08595128163523835,0.08598971546436385,0.04469584405291105
ett2_15min_ot--flowstate,middle,bounded_crps,0.08613290386705098,0.08597360678604166,-0.1852860278454438
jena_weather_10min_temperature--chronos,middle,bounded_crps,0.09622308861136929,0.09646213872725778,0.24781755727436572
jena_weather_10min_temperature--flowstate,middle,bounded_crps,0.08796957759134,0.08808110732614677,0.12662163112209246
loop_seattle_5min_speed--chronos,middle,bounded_crps,0.3820337238116025,0.3820454673417196,0.003073856679636222
loop_seattle_5min_speed--flowstate,middle,bounded_crps,0.3189931101428056,0.31898554269073043,-0.002372349546431174
solar_10min_power--chronos,middle,bounded_crps,0.09456060564286273,0.09442123587001154,-0.1476042667383215
solar_10min_power--flowstate,middle,bounded_crps,0.10113492910424263,0.1011243310434996,-0.01048022828300521
electricity_15min_load--chronos,middle,physical_crps,25.295124547666745,25.31024141268639,0.059726277490457225
electricity_15min_load--flowstate,middle,physical_crps,27.277442138035653,27.312694095279962,0.1290680337916572
ett1_15min_ot--chronos,middle,physical_crps,0.34966571467688157,0.34967966946022166,0.003990733393688384
ett1_15min_ot--flowstate,middle,physical_crps,0.34772555186457155,0.34773088706043975,0.0015342887464853128
ett2_15min_ot--chronos,middle,physical_crps,0.5277478147682502,0.5284231228187982,0.12779683957540033
ett2_15min_ot--flowstate,middle,physical_crps,0.5270875870090397,0.5261835516486125,-0.17180988603591185
jena_weather_10min_temperature--chronos,middle,physical_crps,0.3656481893451652,0.36644903119066696,0.21854112777967005
jena_weather_10min_temperature--flowstate,middle,physical_crps,0.30818275753169,0.3085604809398498,0.12241470683778122
loop_seattle_5min_speed--chronos,middle,physical_crps,3.040141727315186,3.040125429709083,-0.000536083345226146
loop_seattle_5min_speed--flowstate,middle,physical_crps,2.538473193397351,2.538541038341845,0.002672595930874877
solar_10min_power--chronos,middle,physical_crps,0.629109823896512,0.6280509909630244,-0.168590281477643
solar_10min_power--flowstate,middle,physical_crps,0.6094118070062235,0.6093826970262374,-0.004776962018815389
electricity_15min_load--chronos,middle,bounded_is90,0.9838099065952041,0.9852413996295053,0.1452936341123645
electricity_15min_load--flowstate,middle,bounded_is90,1.0226171684687526,1.031748270268404,0.885012561957188
ett1_15min_ot--chronos,middle,bounded_is90,1.3957794921406128,1.4010501292660988,0.3761919017306603
ett1_15min_ot--flowstate,middle,bounded_is90,1.367378545764742,1.3706378112845774,0.23779188732439005
ett2_15min_ot--chronos,middle,bounded_is90,0.7779716889302182,0.7849761263409678,0.8923121577467108
ett2_15min_ot--flowstate,middle,bounded_is90,0.7412251037588549,0.7422570065479644,0.13902230359652545
jena_weather_10min_temperature--chronos,middle,bounded_is90,0.8944841605254255,0.9160590714616959,2.3551877393501175
jena_weather_10min_temperature--flowstate,middle,bounded_is90,0.7699216307731677,0.7741424260650924,0.5452220611882441
loop_seattle_5min_speed--chronos,middle,bounded_is90,3.98368610351586,3.9858537033572663,0.05438232315402303
loop_seattle_5min_speed--flowstate,middle,bounded_is90,2.9481882572913833,2.9453953722019977,-0.09482207773341411
solar_10min_power--chronos,middle,bounded_is90,0.9518862841722291,0.9445136185506794,-0.7805780114491956
solar_10min_power--flowstate,middle,bounded_is90,0.9763928318423928,0.9763334562263243,-0.006081489442966159
electricity_15min_load--chronos,middle,physical_is90,223.63858860264014,224.13104356140698,0.21971742554793838
electricity_15min_load--flowstate,middle,physical_is90,238.33091812746534,240.96899720798865,1.0947794575608016
ett1_15min_ot--chronos,middle,physical_is90,3.239930224276488,3.250923425913623,0.3381562773674185
ett1_15min_ot--flowstate,middle,physical_is90,3.233204795372433,3.2399876340498164,0.2093476717658027
ett2_15min_ot--chronos,middle,physical_is90,4.765359924085661,4.822369376962719,1.1821876015844501
ett2_15min_ot--flowstate,middle,physical_is90,4.598091305381271,4.606177510799705,0.17555131992798012
jena_weather_10min_temperature--chronos,middle,physical_is90,3.403330569693757,3.486501603458498,2.3855154313492277
jena_weather_10min_temperature--flowstate,middle,physical_is90,2.696540499631263,2.710983851804594,0.5327716048074804
loop_seattle_5min_speed--chronos,middle,physical_is90,30.991935971606342,31.004869589075312,0.041714793967484454
loop_seattle_5min_speed--flowstate,middle,physical_is90,23.473512290656995,23.44906068223475,-0.10427542814441804
solar_10min_power--chronos,middle,physical_is90,6.415296714144569,6.365901850725244,-0.7759287619820476
solar_10min_power--flowstate,middle,physical_is90,6.050323297994154,6.051133296316162,0.013385894548056942
electricity_15min_load--chronos,middle,original_crps,245.91197444999545,245.58934597715452,-0.13136908344182352
electricity_15min_load--flowstate,middle,original_crps,124.82935795187564,124.80396813814569,-0.020343755177587575
ett1_15min_ot--chronos,middle,original_crps,0.1646166881511639,0.16465892651178604,0.025652032062239982
ett1_15min_ot--flowstate,middle,original_crps,0.1632625651468561,0.16328392924766477,0.013084019295162008
ett2_15min_ot--chronos,middle,original_crps,0.08642609082308601,0.08646806218846853,0.04853973168849057
ett2_15min_ot--flowstate,middle,original_crps,0.08688512365859528,0.0867295310188675,-0.1793998398238017
jena_weather_10min_temperature--chronos,middle,original_crps,0.11150553078502701,0.11181355639275369,0.2754814511441883
jena_weather_10min_temperature--flowstate,middle,original_crps,0.10245703134693591,0.10258736990447284,0.12705127118308734
loop_seattle_5min_speed--chronos,middle,original_crps,0.3865532766243772,0.3865647230983449,0.002961075670826485
loop_seattle_5min_speed--flowstate,middle,original_crps,0.3243593408578742,0.3243504031151191,-0.0027555824408720397
solar_10min_power--chronos,middle,original_crps,0.12523411232366627,0.1251793437157863,-0.0437521129718732
solar_10min_power--flowstate,middle,original_crps,0.1391459380296939,0.139122394031697,-0.016923226602583163
electricity_15min_load--chronos,middle,original_is90,2627.927501373846,2581.445260403901,-1.8006285735717054
electricity_15min_load--flowstate,middle,original_is90,1592.4711329451036,1593.442946326621,0.0609882759691982
ett1_15min_ot--chronos,middle,original_is90,1.5252471185983645,1.530940804335404,0.3719076348945638
ett1_15min_ot--flowstate,middle,original_is90,1.5280816286350347,1.5320240191734016,0.25733216248750024
ett2_15min_ot--chronos,middle,original_is90,0.7810469668410082,0.7880893407065718,0.8936009538271006
ett2_15min_ot--flowstate,middle,original_is90,0.7460848282050542,0.7473407448814868,0.16805141229544462
jena_weather_10min_temperature--chronos,middle,original_is90,1.0496357676847916,1.0757078574794496,2.423714730107951
jena_weather_10min_temperature--flowstate,middle,original_is90,0.8957202326877625,0.9006062376183032,0.5425239940000881
loop_seattle_5min_speed--chronos,middle,original_is90,4.032443414048582,4.034611275586828,0.05373160857810033
loop_seattle_5min_speed--flowstate,middle,original_is90,2.994275284978603,2.991416976807844,-0.09555030919858876
solar_10min_power--chronos,middle,original_is90,1.2639442884040837,1.257073817044697,-0.5465447825123704
solar_10min_power--flowstate,middle,original_is90,1.3475191922395204,1.3472259066689345,-0.021769591063702798
electricity_15min_load--chronos,high,bounded_crps,0.128210308597311,0.12910133884617328,0.6901789375894585
electricity_15min_load--flowstate,high,bounded_crps,0.12314570135640435,0.12397682964043091,0.6703900127443818
ett1_15min_ot--chronos,high,bounded_crps,0.15002496285779082,0.1503835245045159,0.23843146907646107
ett1_15min_ot--flowstate,high,bounded_crps,0.16264970928733957,0.1631326663695905,0.2960517307776689
ett2_15min_ot--chronos,high,bounded_crps,0.07885782336342684,0.08104029064188442,2.693064475918361
ett2_15min_ot--flowstate,high,bounded_crps,0.09039436767690376,0.091386191535692,1.0853104195734709
jena_weather_10min_temperature--chronos,high,bounded_crps,0.08880721661975746,0.08902247339790963,0.2418004914219951
jena_weather_10min_temperature--flowstate,high,bounded_crps,0.09428394358202785,0.09522483525818651,0.9880738292773916
loop_seattle_5min_speed--chronos,high,bounded_crps,0.4076935941725712,0.40977553137345313,0.5080677203696982
loop_seattle_5min_speed--flowstate,high,bounded_crps,0.45377068451671443,0.45403712869225554,0.0586833451943769
solar_10min_power--chronos,high,bounded_crps,0.1276620988206525,0.1279344046462846,0.212848003150512
solar_10min_power--flowstate,high,bounded_crps,0.15191941854988947,0.1522253015558174,0.20094097551567325
electricity_15min_load--chronos,high,physical_crps,33.63873431815224,33.93278530267285,0.8665689594819281
electricity_15min_load--flowstate,high,physical_crps,32.636544073393544,32.86775609558699,0.7034615369574615
ett1_15min_ot--chronos,high,physical_crps,0.3398668458890064,0.34059952939604093,0.21511583070409346
ett1_15min_ot--flowstate,high,physical_crps,0.3642311938738972,0.3652768393641246,0.2862610977601654
ett2_15min_ot--chronos,high,physical_crps,0.5650691374510445,0.5810452688803153,2.7495502131971716
ett2_15min_ot--flowstate,high,physical_crps,0.6191340749238418,0.6258701757196186,1.0762776462437618
jena_weather_10min_temperature--chronos,high,physical_crps,0.33411648358889084,0.3349344359164501,0.24421266965911625
jena_weather_10min_temperature--flowstate,high,physical_crps,0.3869230041599383,0.39057159576391104,0.9341671651356354
loop_seattle_5min_speed--chronos,high,physical_crps,3.644796975828311,3.662909759146965,0.4944916612652839
loop_seattle_5min_speed--flowstate,high,physical_crps,3.829797440518206,3.8315811312147945,0.04655234054832258
solar_10min_power--chronos,high,physical_crps,0.9725444850391242,0.9754197498301616,0.2947720498316819
solar_10min_power--flowstate,high,physical_crps,1.253309208058302,1.25791626982996,0.36624550315108584
electricity_15min_load--chronos,high,bounded_is90,1.101187097276325,1.1491346494918881,4.172492077996615
electricity_15min_load--flowstate,high,bounded_is90,1.093126288494343,1.1437205262871586,4.423653911070302
ett1_15min_ot--chronos,high,bounded_is90,1.3311484430920728,1.350686193436075,1.4465055198572219
ett1_15min_ot--flowstate,high,bounded_is90,1.5169822364547003,1.5431002233836553,1.692565818679248
ett2_15min_ot--chronos,high,bounded_is90,0.6815859265054018,0.7837284795104427,13.032900510243595
ett2_15min_ot--flowstate,high,bounded_is90,0.7531296314521074,0.8060657466120134,6.567220525422712
jena_weather_10min_temperature--chronos,high,bounded_is90,0.8091350939845209,0.828394762776648,2.324938502456464
jena_weather_10min_temperature--flowstate,high,bounded_is90,0.7818925642804873,0.817469175640143,4.352043161969554
loop_seattle_5min_speed--chronos,high,bounded_is90,3.8123601192538175,3.9087019594969608,2.464803948765182
loop_seattle_5min_speed--flowstate,high,bounded_is90,3.937737140411434,3.9331496349769455,-0.11663694138897007
solar_10min_power--chronos,high,bounded_is90,1.1679588880822562,1.1806837574959108,1.0777542532339535
solar_10min_power--flowstate,high,bounded_is90,1.4425065723737256,1.4665822254960852,1.64161631743599
electricity_15min_load--chronos,high,physical_is90,287.5398341600982,302.97894061006843,5.095768840858228
electricity_15min_load--flowstate,high,physical_is90,281.71837254036046,295.71723384863304,4.733867257610724
ett1_15min_ot--chronos,high,physical_is90,3.0238815313655,3.0668658523220618,1.401571605227414
ett1_15min_ot--flowstate,high,physical_is90,3.3835384496385306,3.440289343098854,1.6495965251924094
ett2_15min_ot--chronos,high,physical_is90,4.945096219469679,5.707916551065697,13.364251645437864
ett2_15min_ot--flowstate,high,physical_is90,5.219497924995866,5.611372036702632,6.983570312993182
jena_weather_10min_temperature--chronos,high,physical_is90,3.074904696005523,3.156746377521119,2.592596038072059
jena_weather_10min_temperature--flowstate,high,physical_is90,3.164087640174645,3.3095313216013285,4.394691190180666
loop_seattle_5min_speed--chronos,high,physical_is90,33.55110568292132,34.39705897151718,2.4593768010700123
loop_seattle_5min_speed--flowstate,high,physical_is90,33.19260392049166,33.156866991728535,-0.10778137986331426
solar_10min_power--chronos,high,physical_is90,8.91187456538223,9.055644795545053,1.5876310677904515
solar_10min_power--flowstate,high,physical_is90,12.385754092138075,12.672886443243225,2.2657218021411296
electricity_15min_load--chronos,high,original_crps,79.43071968972106,78.98875790136447,-0.5595249249374046
electricity_15min_load--flowstate,high,original_crps,60.98091754884645,61.371133216554156,0.6358293341770183
ett1_15min_ot--chronos,high,original_crps,0.16780896981083557,0.16822529096857766,0.24747834011465963
ett1_15min_ot--flowstate,high,original_crps,0.18117415799634293,0.1816873954707101,0.28248380854242194
ett2_15min_ot--chronos,high,original_crps,0.07911443323943869,0.08130032157033351,2.6886588990964744
ett2_15min_ot--flowstate,high,original_crps,0.09091857861117922,0.09191740430853314,1.0866556827488605
jena_weather_10min_temperature--chronos,high,original_crps,0.10116688805670038,0.10141357079795649,0.24324431071218733
jena_weather_10min_temperature--flowstate,high,original_crps,0.10309852809294107,0.10411213608811908,0.973573334736022
loop_seattle_5min_speed--chronos,high,original_crps,0.4106381727436661,0.41271311471742433,0.5027564910746518
loop_seattle_5min_speed--flowstate,high,original_crps,0.4585506712749138,0.45881285070137506,0.05714299982236826
solar_10min_power--chronos,high,original_crps,0.1765203596732725,0.17696482814187042,0.25116203782685753
solar_10min_power--flowstate,high,original_crps,0.20207582843594338,0.2023759302701934,0.14828929203654084
electricity_15min_load--chronos,high,original_is90,745.1272882731259,748.2099879550564,0.4120099613152406
electricity_15min_load--flowstate,high,original_is90,611.9365817155478,639.9174893266281,4.372580540113702
ett1_15min_ot--chronos,high,original_is90,1.4806784231926768,1.5026883167940719,1.464701186228179
ett1_15min_ot--flowstate,high,original_is90,1.6943242587485188,1.7215059144674307,1.5789464032902267
ett2_15min_ot--chronos,high,original_is90,0.6832784891888507,0.7854742577878324,13.010708827912499
ett2_15min_ot--flowstate,high,original_is90,0.758008215904914,0.8113243302594949,6.571492110624644
jena_weather_10min_temperature--chronos,high,original_is90,0.9250040053638191,0.946642507566855,2.2858156093849114
jena_weather_10min_temperature--flowstate,high,original_is90,0.8428831221718744,0.8790451831380808,4.113788649306094
loop_seattle_5min_speed--chronos,high,original_is90,3.8392163333155143,3.9354356967293507,2.444948179277895
loop_seattle_5min_speed--flowstate,high,original_is90,3.9783072599645126,3.973019741493557,-0.13308563296914322
solar_10min_power--chronos,high,original_is90,1.6281563632751663,1.6465113620360634,1.1147811781996753
solar_10min_power--flowstate,high,original_is90,1.9307006017000157,1.9584949073998985,1.4191666056861285
